{"docstore/data":{"./data/.gitkeep_1":{"__data__":"{\"id_\":\"./data/.gitkeep_1\",\"metadata\":{\"file_path\":\"C:\\\\Users\\\\hashi\\\\Documents\\\\Fiverr Projects\\\\llamaindex-demo\\\\demo-app-2\\\\data\\\\.gitkeep\",\"file_name\":\".gitkeep\",\"private\":\"false\"},\"excludedEmbedMetadataKeys\":[],\"excludedLlmMetadataKeys\":[],\"relationships\":{},\"text\":\"\",\"textTemplate\":\"\",\"metadataSeparator\":\"\\n\",\"type\":\"DOCUMENT\",\"hash\":\"uYIii8Nsae6NQfSw01dXwDvsmqpuf2AjAy1zgVE5gPs=\"}","__type__":"DOCUMENT"},"./data/1-mvr-nandgi-jan25.pdf_1":{"__data__":"{\"id_\":\"./data/1-mvr-nandgi-jan25.pdf_1\",\"metadata\":{\"page_number\":1,\"total_pages\":12,\"file_path\":\"C:\\\\Users\\\\hashi\\\\Documents\\\\Fiverr Projects\\\\llamaindex-demo\\\\demo-app-2\\\\data\\\\1-mvr-nandgi-jan25.pdf\",\"file_name\":\"1-mvr-nandgi-jan25.pdf\",\"private\":\"false\"},\"excludedEmbedMetadataKeys\":[],\"excludedLlmMetadataKeys\":[],\"relationships\":{},\"text\":\"Rules for Building and Classing\\nMarine Vessels\\nNotices and General Information\\nJanuary 2025\",\"textTemplate\":\"\",\"metadataSeparator\":\"\\n\",\"type\":\"DOCUMENT\",\"hash\":\"VxKq5IC7noqUY6wEyayVR1MMM9immludqIQYkQSFNC8=\"}","__type__":"DOCUMENT"},"./data/1-mvr-nandgi-jan25.pdf_2":{"__data__":"{\"id_\":\"./data/1-mvr-nandgi-jan25.pdf_2\",\"metadata\":{\"page_number\":2,\"total_pages\":12,\"file_path\":\"C:\\\\Users\\\\hashi\\\\Documents\\\\Fiverr Projects\\\\llamaindex-demo\\\\demo-app-2\\\\data\\\\1-mvr-nandgi-jan25.pdf\",\"file_name\":\"1-mvr-nandgi-jan25.pdf\",\"private\":\"false\"},\"excludedEmbedMetadataKeys\":[],\"excludedLlmMetadataKeys\":[],\"relationships\":{},\"text\":\"RULES FOR BUILDING AND CLASSING\\nMARINE VESSELS\\nJANUARY 2025\\nNOTICES AND\\nGENERAL INFORMATION\\nAmerican Bureau of Shipping\\nIncorporated by Act of Legislature of\\nthe State of New York 1862\\n 2025 American Bureau of Shipping. All rights reserved.\\nABS Plaza\\n1701 City Plaza Drive\\nSpring, TX 77389 USA\",\"textTemplate\":\"\",\"metadataSeparator\":\"\\n\",\"type\":\"DOCUMENT\",\"hash\":\"fWwAy/yD7ptCuV/eySOgsz6UKzZ24jua6b30KLone0A=\"}","__type__":"DOCUMENT"},"./data/1-mvr-nandgi-jan25.pdf_3":{"__data__":"{\"id_\":\"./data/1-mvr-nandgi-jan25.pdf_3\",\"metadata\":{\"page_number\":3,\"total_pages\":12,\"file_path\":\"C:\\\\Users\\\\hashi\\\\Documents\\\\Fiverr Projects\\\\llamaindex-demo\\\\demo-app-2\\\\data\\\\1-mvr-nandgi-jan25.pdf\",\"file_name\":\"1-mvr-nandgi-jan25.pdf\",\"private\":\"false\"},\"excludedEmbedMetadataKeys\":[],\"excludedLlmMetadataKeys\":[],\"relationships\":{},\"text\":\"ABS RULES FOR BUILDING AND CLASSING MARINE VESSELS . 2025 iii\\nNotices and General Information\\nCONTENTS\\nIntroduction........................................................................................................................ 1\\nTABLE 1 Applicable Editions of Parts Comprising January 2025\\nMarine Vessel Rules ................................................................. 4\\nTABLE 2 Division and Numbering of Rules ............................................. 5\\nRule Change Notice (2025) ............................................................................................... 6\\nTABLE 3 Summary of Changes from the July 2024 Rules ...................... 6\",\"textTemplate\":\"\",\"metadataSeparator\":\"\\n\",\"type\":\"DOCUMENT\",\"hash\":\"Glwc1p8DelFY93LF8hiPqahsP/1Mehwohb+BjxI/flU=\"}","__type__":"DOCUMENT"},"./data/1-mvr-nandgi-jan25.pdf_4":{"__data__":"{\"id_\":\"./data/1-mvr-nandgi-jan25.pdf_4\",\"metadata\":{\"page_number\":4,\"total_pages\":12,\"file_path\":\"C:\\\\Users\\\\hashi\\\\Documents\\\\Fiverr Projects\\\\llamaindex-demo\\\\demo-app-2\\\\data\\\\1-mvr-nandgi-jan25.pdf\",\"file_name\":\"1-mvr-nandgi-jan25.pdf\",\"private\":\"false\"},\"excludedEmbedMetadataKeys\":[],\"excludedLlmMetadataKeys\":[],\"relationships\":{},\"text\":\"ABS RULES FOR BUILDING AND CLASSING MARINE VESSELS . 2025 1\\nNotices and General Information\\nIntroduction\\n1. The 2025 edition of the Rules for Building and Classing Marine Vessels consists of the Parts as\\nshown in Table 1. Reference is made in these Rules to the following generic Rules:\\na) Rules for Conditions of Classification (Part 1A) includes consolidated requirements for\\n“Classification” applicable to all types of and sizes of vessels, barges and specific\\nshipboard arrangements/systems, etc., except for those in offshore service, as specified in\\nthe Foreword to Part 1A. Additional specific requirements are contained in Chapter 5 of\\nPart 1A.\\nb) Rules for Alternative Arrangements, Novel Concepts and New Technologies (Part 1D)\\nintroduces a procedure for acceptance of alternative arrangements, novel concepts, and\\nnew technologies based on Goals and Functional Requirements, including a consolidated\\nlist of Tier 1 Goals.\\nc) Rules for Materials and Welding (Part 2) contains materials requirements common to\\nABS-classed vessels, other marine structures and their associated machinery, including\\nsteel, aluminum, and FRP materials.\\nd) Rules for Survey After Construction (Part 7) contains consolidated requirements for\\n“Surveys After Construction” applicable to all types and sizes of vessels, barges and\\nspecific shipboard arrangements/systems, etc., as specified in Part 7, Chapter 1, Section 1.\\n2. The numbering system applied in the Rules is shown in Table 2.\\n3. The primary changes from the July 2024 Rules are identified and listed in Table 3. The effective\\ndate of the indicated Rule Changes is 1 January 2025, unless specifically indicated otherwise.\\nFor certain changes that have a major impact on shipyards, designers and vendors, ABS has\\ninstituted a two-year Rule cycle to give the industry more time to prepare for these changes. The\\ntext of these changes will appear in a box along with the effective date just under the existing Rule\\nrequirement.\",\"textTemplate\":\"\",\"metadataSeparator\":\"\\n\",\"type\":\"DOCUMENT\",\"hash\":\"uvcs8+nJH7ER/EuSMunry2oDUGL4KKT9ECZsSmoDqJQ=\"}","__type__":"DOCUMENT"},"./data/1-mvr-nandgi-jan25.pdf_5":{"__data__":"{\"id_\":\"./data/1-mvr-nandgi-jan25.pdf_5\",\"metadata\":{\"page_number\":5,\"total_pages\":12,\"file_path\":\"C:\\\\Users\\\\hashi\\\\Documents\\\\Fiverr Projects\\\\llamaindex-demo\\\\demo-app-2\\\\data\\\\1-mvr-nandgi-jan25.pdf\",\"file_name\":\"1-mvr-nandgi-jan25.pdf\",\"private\":\"false\"},\"excludedEmbedMetadataKeys\":[],\"excludedLlmMetadataKeys\":[],\"relationships\":{},\"text\":\"Notices and General Information\\nABS RULES FOR BUILDING AND CLASSING MARINE VESSELS . 2025 2\\n4. In association with the harmonization of the Common Structural Rules (CSR) for Bulk Carriers\\nand Oil Tankers, on 1 July 2015, the three Sub-parts, 5A, 5B, and 5C, of Part 5 of the Rules for\\nBuilding and Classing Marine Vessels are as follows:\\nContents\\nPart 5A: General Hull Requirements (IACS CSR Part 1)\\nPart 5B: Ship Types (IACS CSR Part 2)\\nPart 5C: This Part is divided into two separate booklets as follows:\\nChapters 1 to 6: Tankers and Bulk Carriers not covered by Part 5A\\nand Part 5B and Container Carriers\\nChapters 7 to 22: Passenger Vessels, Liquefied Gas Carriers, Chemical\\nCarriers, Vessels Intended to Carry Vehicles, Vessels\\nIntended to Carry Liquid Cargoes in Bulk (other than\\nOil or Chemical), Membrane Tank LNG Carriers,\\nVessels Using Gases or other Low-Flashpoint Fuels,\\nFire Fighting Vessels, Oil Recovery Vessels, Escort\\nVessels, Vessels Under 90 m (295 ft) Intended for\\nTowing, Fishing Vessels, Box-Shaped Bulk Carriers,\\nGeneral Dry Cargo Vessels, Heavy Lift Ships, and\\nAnchor Handling Vessels.\\nPart 5D: Offshore Support Vessels for Specialized Services\\nApplication – Oil Tankers\\nThe structural requirements in Part 5A, Pt 1 and Part 5B, Pt 2, Ch 2 of the Rules are\\napplicable for double hull oil tankers of 150 m in length and upward, with structural\\narrangements as specified in Part 5A, Pt 1, Ch 1, Sec 1, [1.3].\\nFor oil tankers with structural arrangements not covered by Part 5A, Pt 1 and Part 5B,\\nPt 2, Ch 2, the requirements in Part 5C, Chapters 1 or 2, are to be complied with.\\nApplication – Bulk Carriers\\nThe structural requirements in Part 5A, Pt 1 and Part 5B, Pt 2, Ch 1 of the Rules are\\napplicable for single side skin and double side skin bulk carriers of 90m in length and\\nupward, with structural arrangements as specified in Part 5A, Pt 1, Ch 1, Sec 1, [1.2].\\nFor vessels intended to carry ore or bulk cargoes, other than the single side skin or double\\nside skin bulk carriers of 90 m in length and upward with structural arrangements as\\nspecified in Part 5A, Pt 1 and Part 5B, Pt 2, Ch 1, the requirements in Part 5C, Chapters 3\\nor 4 are to be complied with.\\nApplication – ABS Construction Monitoring Program\\nThese compulsory requirements for CSR notation are specified in Part 5C, Appendix 1,\\nSection 2.\\nApplication – Onboard Systems for Oil Tankers and Bulk Carriers\\nThe onboard systems for all tankers are to comply with the requirements of Part 5C,\\nChapter 2, Section 3, and for all bulk carriers are to comply with the requirements of Part\\n5C, Chapter 3, Section 7 of the Rules.\\nApplication – References\\nOther Parts of the ABS Rules that are referenced within Part 5A, 5B, 5C, and 5D are also\\nto be applied.\",\"textTemplate\":\"\",\"metadataSeparator\":\"\\n\",\"type\":\"DOCUMENT\",\"hash\":\"PtODRqmi09KgRO71hkKKQVSqX7zvrcOSEBt3YaYwhpY=\"}","__type__":"DOCUMENT"},"./data/1-mvr-nandgi-jan25.pdf_6":{"__data__":"{\"id_\":\"./data/1-mvr-nandgi-jan25.pdf_6\",\"metadata\":{\"page_number\":6,\"total_pages\":12,\"file_path\":\"C:\\\\Users\\\\hashi\\\\Documents\\\\Fiverr Projects\\\\llamaindex-demo\\\\demo-app-2\\\\data\\\\1-mvr-nandgi-jan25.pdf\",\"file_name\":\"1-mvr-nandgi-jan25.pdf\",\"private\":\"false\"},\"excludedEmbedMetadataKeys\":[],\"excludedLlmMetadataKeys\":[],\"relationships\":{},\"text\":\"Notices and General Information\\nABS RULES FOR BUILDING AND CLASSING MARINE VESSELS . 2025 3\\nThe following flow chart indicates the application of the Rules and typical Class Notations for tanker and bulk\\ncarrier vessels, of which arrangements and scantlings are in full compliance with the Rules:\\nVessels Intended to Carry Oil in Bulk Vessels Intended to Carry Ore or Bulk Cargoes\\nL ≥ 150 m?\\nArrangement and\\nlayout comply with\\n5A-1-1/1.3 and\\n5A-1-1/Figure 3?\\nPart 5A and Part 5B, Chapter 2:\\nCommon Structural Rules\\nand\\nPart 5C, Appendix 1, Section 2\\nPart 5C, Chapter 2, Section 3:\\nABS Marine Vessel Rules\\nÀ A1 Oil Carrier, CSR, AB-CM\\nplus\\nappropriate notations for oil carriers\\nPart 5C, Chapter 1\\nPart 5C, Appendix 1, Section 1\\nABS Marine Vessel Rules\\n(L ≥ 150 m)\\nÀ A1 Oil Carrier, SH, SHCM\\nplus\\nappropriate notations for oil carriers\\nPart 5C, Chapter 2\\nABS Marine Vessel Rules\\n(L < 150 m)\\nÀ A1 Oil Carrier\\nplus\\nappropriate notations for oil carriers\\nL ≥ 90 m?\\nArrangement and\\nlayout comply with\\n5A-1-1/1.2 and\\n5A-1-1/Figures 1 & 2?\\nPart 5A and Part 5B, Chapter 1:\\nCommon Structural Rules\\nand\\nPart 5C, Appendix 1, Section 2\\nPart 5C, Chapter 3, Section 7:\\nABS Marine Vessel Rules\\nPart 5C, Chapter 3\\nPart 5C, Appendix 1, Section 1\\nABS Marine Vessel Rules\\n(L ≥ 150 m)\\nPart 5C, Chapter 4\\nABS Marine Vessel Rules\\n(L < 150 m)\\nÀ A1 Bulk Carrier, CSR, AB-CM\\nplus\\nappropriate notations for bulk carriers\\nÀ A1 Bulk Carrier, SH, SHCM\\nplus\\nappropriate notations for bulk carriers\\nÀ A1 Bulk Carrier\\nplus\\nappropriate notations for bulk carriers\\nYes\\nYes\\nYes\\nYes\\nNo No\\nOr\\nNo No\",\"textTemplate\":\"\",\"metadataSeparator\":\"\\n\",\"type\":\"DOCUMENT\",\"hash\":\"EDGhcNKZ8NQnFevJN0Mhby8WuqoJyDSZgG/ffcwszLQ=\"}","__type__":"DOCUMENT"},"./data/1-mvr-nandgi-jan25.pdf_7":{"__data__":"{\"id_\":\"./data/1-mvr-nandgi-jan25.pdf_7\",\"metadata\":{\"page_number\":7,\"total_pages\":12,\"file_path\":\"C:\\\\Users\\\\hashi\\\\Documents\\\\Fiverr Projects\\\\llamaindex-demo\\\\demo-app-2\\\\data\\\\1-mvr-nandgi-jan25.pdf\",\"file_name\":\"1-mvr-nandgi-jan25.pdf\",\"private\":\"false\"},\"excludedEmbedMetadataKeys\":[],\"excludedLlmMetadataKeys\":[],\"relationships\":{},\"text\":\"Notices and General Information\\nABS RULES FOR BUILDING AND CLASSING MARINE VESSELS . 2025 4\\nTABLE 1\\nApplicable Editions of Parts Comprising January 2025 Marine Vessel Rules\\nNotices and General Information January 2025\\nPart 1A: Rules for Conditions of Classification January 2025\\nPart 1D: Rules for Alternative Arrangements, Novel Concepts and\\nNew Technologies\\nJanuary 2024\\nPart 2: Rules for Materials and Welding\\nRules for Testing and Certification of Materials\\nRules for Welding and Fabrication\\nJanuary 2025\\nPart 3: Hull Construction and Equipment January 2025\\nPart 4: Vessel Systems and Machinery January 2025\\nPart 5A: Specific Vessel Types\\nGeneral Hull Requirements (IACS CSR Part 1)\\nJanuary 2025\\nPart 5B: Specific Vessel Types\\nShip Types (IACS CSR Part 2)\\nJanuary 2025\\nPart 5C: Specific Vessel Types\\nChapter 1 General Hull Requirements for\\nSafeHull Vessels (New)\\nChapter 2 Oil Carriers\\nChapter 3 & 4 Bulk Carriers\\nChapter 5 & 6 Container Carriers\\nChapter 7 Passenger Carriers\\nChapter 8 Liquefied Gas Carriers\\nChapter 9 Chemical Carriers\\nChapter 10 Vehicle Carriers\\nChapter 11 Vessels Intended to Carry Liquid\\nCargoes in Bulk (other than Oil or\\nChemical)\\nChapter 12 Liquefied Gas Carrier with Membrane\\nTanks\\nChapter 13 Vessels Using Gases or other Low-\\nFlashpoint Fuels\\nChapter 14 Fire Fighting Vessels\\nChapter 15 Oil Recovery Vessels\\nChapter 16 Escort Vessels\\nChapter 17 Vessels Under 90m (295 ft) Intended\\nfor Towing\\nChapter 18 Fishing Vessels\\nChapter 19 Vessels Intended to Carry Bulk Cargoes\\nwithout Upper Wing Tanks and Lower\\nWing Tanks\\nChapter 20 General Dry Cargo Vessels\\nChapter 21 Heavy Lift Ships\\nChapter 22 Anchor Handling Vessels\\nJanuary 2025\",\"textTemplate\":\"\",\"metadataSeparator\":\"\\n\",\"type\":\"DOCUMENT\",\"hash\":\"A7yc6ahMhwie1pMowIRwHRbP5ogE5vmSNi48IJM9sHw=\"}","__type__":"DOCUMENT"},"./data/1-mvr-nandgi-jan25.pdf_8":{"__data__":"{\"id_\":\"./data/1-mvr-nandgi-jan25.pdf_8\",\"metadata\":{\"page_number\":8,\"total_pages\":12,\"file_path\":\"C:\\\\Users\\\\hashi\\\\Documents\\\\Fiverr Projects\\\\llamaindex-demo\\\\demo-app-2\\\\data\\\\1-mvr-nandgi-jan25.pdf\",\"file_name\":\"1-mvr-nandgi-jan25.pdf\",\"private\":\"false\"},\"excludedEmbedMetadataKeys\":[],\"excludedLlmMetadataKeys\":[],\"relationships\":{},\"text\":\"Notices and General Information\\nABS RULES FOR BUILDING AND CLASSING MARINE VESSELS . 2025 5\\nPart 5D: Offshore Support Vessels for Specialized Services\\nChapter 1 Vessels Intended for Offshore Support\\nServices\\nChapter 2 Offshore Supply\\nChapter 3 Anchor Handling and Towing\\nChapter 4 Fire Fighting\\nChapter 5 Diving and Remotely Operated\\nVehicles (ROVs) Support\\nChapter 6 Oil Spill Recovery\\nChapter 7 Safety Standby Rescue\\nChapter 8 Pipe Laying\\nChapter 9 Heavy Lift\\nChapter 10 Well Intervention\\nChapter 11 Well Stimulation\\nChapter 12 Well Test\\nChapter 13 Escort\\nChapter 14 Wind Turbine Installation, Maintenance\\nand Repair (Wind IMR)\\nChapter 15 Cable Laying\\nChapter 16 Subsea Services\\nJanuary 2025\\nPart 6: Specialized Items and Systems\\nChapter 1 Strengthening for Navigation in Ice\\nChapter 2 Refrigerated Cargo Vessels\\nChapter 3 Exhaust Emission Abatement\\nChapter 4 Low and High Voltage Shore\\nConnection\\nChapter 5 Alternative Fuels\\nChapter 6 Ballast Water Treatment (New)\\nJanuary 2025\\nPart 7: Rules for Survey After Construction January 2025\\nTABLE 2\\nDivision and Numbering of Rules\\nDivision Number\\nPart Part 1\\nChapter Part 1, Chapter 1\\nSection Section 1-1-1\\nSubsection (see Note 1) 1-1-1/1\\nParagraph (see Note 1) 1-1-1/1.1\\nSubparagraph 1-1-1/1.1.1\\nItem 1-1-1/1.1.1(a)\\nSubitem 1-1-1/1.1.1(a)i)\\nAppendix Appendix 1-1-A1 or Appendix 1-A1-1\\nNote:\\n1 An odd number (1, 3, 5, etc.) numbering system is used for the Rules. The purpose is to permit future insertions of\\neven-numbered paragraphs (2, 4, 6, etc.) of text and to avoid the necessity of having to renumber the existing text and\\nassociated cross-references, as applicable, within the Rules and associated process instructions, check sheets, etc.\",\"textTemplate\":\"\",\"metadataSeparator\":\"\\n\",\"type\":\"DOCUMENT\",\"hash\":\"hnlTic3w1PJJLJFLsy/1nEfBvkV2STpUUZYju/kGDyc=\"}","__type__":"DOCUMENT"},"./data/1-mvr-nandgi-jan25.pdf_9":{"__data__":"{\"id_\":\"./data/1-mvr-nandgi-jan25.pdf_9\",\"metadata\":{\"page_number\":9,\"total_pages\":12,\"file_path\":\"C:\\\\Users\\\\hashi\\\\Documents\\\\Fiverr Projects\\\\llamaindex-demo\\\\demo-app-2\\\\data\\\\1-mvr-nandgi-jan25.pdf\",\"file_name\":\"1-mvr-nandgi-jan25.pdf\",\"private\":\"false\"},\"excludedEmbedMetadataKeys\":[],\"excludedLlmMetadataKeys\":[],\"relationships\":{},\"text\":\"Notices and General Information\\nABS RULES FOR BUILDING AND CLASSING MARINE VESSELS . 2025 6\\nRule Change Notice (2025)\\nTABLE 3\\nSummary of Changes from the July 2024 Rules\\nEFFECTIVE DATE 1 January 2025 – shown as (2025)\\nPart/Para. No. Title/Subject Status/Remarks\\nPART 1A Rules for Conditions of Classification\\n1A-1-4/7.7.6 Rules for Classification To update the definition of \\\"component\\\" in 1-1-4/7.7.6 to be in line\\nwith IACS UR M44 and other ABS publications.\\n1A-7-5 Manuals To update the requirements for manuals based on Rules Changes to\\nSection 6 of the Underwater Vehicles Rules.\\nEFFECTIVE DATE 1 January 2025 – shown as (2025)\\n(based on the date of purchase order of the materials)\\nPart/Para. No. Title/Subject Status/Remarks\\nPART 2 Materials and Welding\\n2-3-14/7.1, Table\\n3, Figure 8, 9.5.1,\\n9.5.2, 17.1\\nBronze Castings To incorporate update of IACS UR W24 Cast copper alloy propellers\\n(Rev 5).\\n2-3-15/17.13 Stainless Steel Propeller Castings To incorporate IACS UR W27 Cast Steel propellers updates.\\n2-6-4/3.17 Quality Control To update the definition of \\\"Audit\\\" in 2-6-4/3.17 to be in line with\\nother ABS publications.\\nEFFECTIVE DATE 1 January 2025 – shown as (2025)\\n(based on the contract date for new construction between builder and Owner)\\nPart/Para. No. Title/Subject Status/Remarks\\nPART 3 Hull Construction and Equipment\\n3-2-3/3.7, Table 1 Decks To align deck plating requirements with under 90 meter rules and\\nclarify notes.\\n3-2-13/9.5 Stems, Stern Frames, Rudder Horns,\\nand Propeller Nozzles\\nTo clarify the requirements for the calculation of the offered section\\nmodulus to apply MVR 3-2-14/23.17 and 3-2-13/9.5.\\n3-2-17/Table 7,\\n9.7.2\\nBulwarks, Rails, Freeing Ports, Side\\nScuttles, Ventilators, Tank Vents and\\nOverflows\\nTo further refine the requirements for window glazing and laminated\\nglass, based on current ABS practice,\\n3-2-19/Table 1\\nitem X\\nWeld Design To align weld factors for external bulkheads of higher tiers and\\ninternal bulkheads of deckhouses with CSR.\\n3-2-A4/1 Buckling Strength of Longitudinal\\nStrength Members for Vessels Over\\n61 m (200 ft) in Length\\nTo clarify that UR S11 buckling checks are not required for SafeHull\\nvessels in line with established practice.\\nPART 4 Vessel Systems and Machinery\\n4-1-1/7.9, Table 7 Classification of Machinery To ensure clarity of the static and dynamic inclinations that the\\nmachinery is expected to perform at, based on IACS UR M46 REV.3\\nAUGUST 2023.\\n4-1-1/Table 3,\\nTable 4\\nClassification of Machinery To add computer-based UPS, Circuit breakers, Fire detection and\\nAlarm Panels to the certification list in 4-1-1/Table 3, Table 4.\\n4-2-1/1.3.3 Internal Combustion Engines To update the definition of \\\"Rated Power\\\" in 4-2-1/1.3.3 to be in line\\nwith other ABS publications.\\n4-2-1A1/Annex 1 Documentation for the approval of\\ninternal combustion engines\\nTo update the definition of \\\"Audit\\\" in 4-2-1A1/Annex 1 - Glossary to\\nbe in line with other ABS publications.\",\"textTemplate\":\"\",\"metadataSeparator\":\"\\n\",\"type\":\"DOCUMENT\",\"hash\":\"5LAvD0LxJf18iV2lBW46XXTeaPg8cmhBves9bSUwe8k=\"}","__type__":"DOCUMENT"},"./data/1-mvr-nandgi-jan25.pdf_10":{"__data__":"{\"id_\":\"./data/1-mvr-nandgi-jan25.pdf_10\",\"metadata\":{\"page_number\":10,\"total_pages\":12,\"file_path\":\"C:\\\\Users\\\\hashi\\\\Documents\\\\Fiverr Projects\\\\llamaindex-demo\\\\demo-app-2\\\\data\\\\1-mvr-nandgi-jan25.pdf\",\"file_name\":\"1-mvr-nandgi-jan25.pdf\",\"private\":\"false\"},\"excludedEmbedMetadataKeys\":[],\"excludedLlmMetadataKeys\":[],\"relationships\":{},\"text\":\"Notices and General Information\\nABS RULES FOR BUILDING AND CLASSING MARINE VESSELS . 2025 7\\nPart/Para. No. Title/Subject Status/Remarks\\n4-2-1A11 Guidance for Spare Parts To update Appendix 11 \\\"Guidance for Spare Parts\\\" based on IACS\\nRecommendation 26 Rev.2.\\n4-2-3/7.7.1 Gas Turbines To add MVR 4-9-3 cross-reference to MVR 4-2-3/7.7.1.\\n4-3-2/7.3.4 i),\\nTable 5\\nPropulsion Shafting To specify that the bore sighting after the installation of complete\\nstern tube assembly in the stern tube block by resin chocking is\\nrequired and to deleted requirement in Table 5 for oil temperature\\nmonitoring and display for oil flow, pressure or DPS as per current\\npractice by shipyards.\\n4-3-3/9.11 Propellers To update CPP Control System Testing Requirements based on\\nimplementation of IACS UR M83 (New) Testing of the control\\nsystem of controllable pitch propellers intended for main propulsion.\\n4-3-4/1.5.2 Steering Gears To clarify \\\"For the purpose of alternative steering arrangements,\\nelectric steering motors are to be considered as part of the power unit\\nand actuator.\\\", changed \\\"actuator\\\" to \\\"rudder actuator\\\" to be in line\\nwith other ABS publications.\\n4-3-5/7.1 Thrusters To add cross-reference to MVR 4-9-3 \\\"Computer-based Systems\\\" to\\nMVR 4-3-5/7.1.\\n4-3-7/1.3.2, 1.5.6,\\n11\\nPropulsion Redundancy To remove requirement for physical segregation since only high level\\nredundancy notation (equivalent to ABS R1-S or R2-S) require\\nphysical segregation for fire consideration and to update the definition\\nof \\\"Steering System\\\" in 4-3-7/1.5.6 in line with other ABS\\npublications.\\n4-4-1-A1/7\\nFigure 8\\nRules for Design To clarify the required area A under With Reinforcing Element in\\nfigure 8.\\n4-5-1/5.3, 7.3 ii) Anchor Windlass To clarify that the hydraulic pumps and hydraulic motors for\\nwindlasses are to be certified by the Surveyor at manufacturers’\\nplants.\\n4-6-1/Table 1 General Provisions To update Table 1 based on new requirements in IACS UR P2.2\\nREV.5 OCTOBER 2023.\\n4-6-2/5.5.5(d),\\n5.9.1(k)iii), 7-3-4,\\nTable 11, Table\\n12\\nMetallic Piping To align the Rules with requirements in IACS UR P2.7.3 REV.3,\\nP2.7.4 REV.11, P2.9 REV.3, P2.11 REV.6.\\n4-6-2/5.7.3(b) Metallic Piping To cross-reference 4-6-2/5.9 for mechanical joint requirements when\\nmechanical joints are used as hose end fittings, in line with P2.12.3.2\\nof IACS UR P2.\\n4-6-2/5.7.3(b) Metallic Piping To specify that the design pressure rather than the working pressure\\nshould be the key parameter regarding the related requirements.\\n4-6-2/9.13.1 Metallic Piping To remove \\\"Commentary\\\" in MVR 4-6-2/9.13.1 \\\"Shell Connections\\\"\\nas these are mandatory requirements and not recommendations which\\nhave been added in the main text.\\n4-6-4/5.5.5(b) Ship Piping Systems and Tanks To add Commentary for the requirements to use a pump located\\noutside the Propulsion Machinery Space as the emergency bilge\\nsuction based on current ABS practice.\\n4-6-4/7.7 Ship Piping Systems and Tanks To modify the cross-reference in 4-6-4/7.7 due to the incorporation of\\nthe ABS Ballast Water Treatment Guide into Part 6, Chapter 6.\\n4-6-4/9.5.2 Ship Piping Systems and Tanks To add requirements for overflow pipe area when the tank is not filled\\nby a pump pressure.\\n4-6-4/13.5.1(a) Ship Piping Systems and Tanks To update the wording to be in line with MSC. 1/Circ.1322 and\\nSOLAS.\\n4-6-5/9.3.1 Piping Systems for Internal\\nCombustion Engines\\nTo align the Rules with IACS UR M61 REV.2 AUGUST 2023.\\n4-6-6/7.1.2 Piping Systems for Steam Plants To align the Rules with IACS UR M24 REV.2 AUGUST 2023.\\n4-7-3/1.5.3 Fire-extinguishing Systems and\\nEquipment\\nTo add reference to MSC.1/Circ.1388, similar to 4-7-3/A4 of the Steel\\nVessel Rules.\\n4-8-1/5.3.2(b) General Provisions To delete a duplicated requirement.\",\"textTemplate\":\"\",\"metadataSeparator\":\"\\n\",\"type\":\"DOCUMENT\",\"hash\":\"mj+QXmiVFwDj20CccLrj2BjLJi8KhyF6Fjn//Y6pamo=\"}","__type__":"DOCUMENT"},"./data/1-mvr-nandgi-jan25.pdf_11":{"__data__":"{\"id_\":\"./data/1-mvr-nandgi-jan25.pdf_11\",\"metadata\":{\"page_number\":11,\"total_pages\":12,\"file_path\":\"C:\\\\Users\\\\hashi\\\\Documents\\\\Fiverr Projects\\\\llamaindex-demo\\\\demo-app-2\\\\data\\\\1-mvr-nandgi-jan25.pdf\",\"file_name\":\"1-mvr-nandgi-jan25.pdf\",\"private\":\"false\"},\"excludedEmbedMetadataKeys\":[],\"excludedLlmMetadataKeys\":[],\"relationships\":{},\"text\":\"Notices and General Information\\nABS RULES FOR BUILDING AND CLASSING MARINE VESSELS . 2025 8\\nPart/Para. No. Title/Subject Status/Remarks\\n4-8-3/3.14.1 x),\\n5.11.3\\nElectrical Equipment To delete the requirement for the ship's crew to demonstrate the\\nprocedure to disconnect the shaft generator rotor hub from the\\npropulsion shaft, since the ship's crew is not available before delivery to\\ndemonstrate the procedure and to update test voltages in 4-8-3/5.11.3\\nDielectric Strength Test table in accordance with IEC 61439-1.\\n4-8-3/9.1 Electrical Equipment To delete the Note of MVR 4-8-3/9.1 since, current requirement\\nwhich refers to IEC 60092-350 clause 3.16 and clause 4.6 appears\\nmore stringent pertaining to inner sheath and to update Goal FIR-2\\nand Functional Requirement FIR-FR3 for clarity.\\n4-8-3/9.5 Electrical Equipment To specify the acceptable fire stop arrangements\\n4-8-4/5.3.1(b) Shipboard Installation and Tests To add an exemption of interlock arrangement between the battery\\ncharger and the power ventilation system with conditions specified in\\nCommentary 1.\\n4-8-4/7.1.2 Shipboard Installation and Tests To clarify the scope of the switchboard for which the non-conducting\\nmats or gratings are to be provided.\\n4-9-5/15.3.1 ACC Notation The requirements for two level sensors in each bilge well is being\\ndeleted based on feedback from shipyards that ABS is more stringent\\nthan other class societies.\\nPART 5C Specific Vessel Types\\n5C-1-7/3.3.4(a),\\n5.3.2(a) & 31\\nCargo Oil and Associated Systems To align the Rules with IACS UR F15 Rev.7 \\\"Reinforced Thickness\\nof Ballast and Cargo Oil Piping\\\" and on IACS UI SC70 Rev.4 Corr. 1\\n\\\"Cargo tank vent systems and selection of electrical equipment\\\"\\n5C-8-20 (New) LNG Cargo Ready Vessels To merge Guide for LNG Cargo Ready Vessels to Marine Vessel Rules.\\n5C-8-5/13.1.3 &\\n13.1.4\\nProcess Pressure Vessels and Liquid,\\nVapour, and Pressure Piping Systems\\nTo update the Rules due to Implementation of the new requirements in\\nIACS UR G3 REV.8 to address liquefied gas carrier\\ngas/liquefaction/refrigeration compressors in addition to cargo pumps.\\n5C-8-A7 Dual Fuel Diesel and Single Gas Fuel\\nEngines (ABS)\\nTo update the Rules based on IACS UR M78.\\n5C-9-1/3.28\\n(ABS), 3.38\\nGeneral (ABS) To update the definition of \\\"Pressure Tank\\\" and \\\"Vapour Pressure\\\" in\\n5C-9-1/3.28 (ABS) and 5C-9-1/3.38, respectively, to be in line with\\nother ABS publications.\\n5C-10-4/3.7.2 (b) Cargo Safety To reflect SOLAS Reg. II-2/20.3.2.2. and clarify \\\"openings requirements\\\".\\n5C-13-10/1.1 Power Generation Including\\nPropulsion and other Gas Consumers\\nTo revise Subsection 1 based on IACS UR M78, Rev 2.\\n5C-17-1/3.1.1, 5 General To clarify application of the BP notation to Towing Vessels, clarify\\nthat the BP Notation is mandatory for Towing Vessels, and require\\nBollard Pull testing on all vessels.\\nPART 5D Offshore Support Vessels for Specialized Services\\n5D-1-1/3.1 General To update the definition of \\\"Offshore Support Vessel\\\" in 5D-1-1/3.1\\nto be in line with other ABS publications.\\n5D-3-1/5, 5.5, 9.1 General To clearly identify the BP notation as a Notation rather than a Record\\nEntry, require Bollard Pull testing on all vessels, and to update the\\ndefinition of \\\"Static Bollard Pull (BP)\\\" in 5D-3-1/9.1 in line with\\nother ABS publications.\\n5D-3-5/5 Tests To update the Bollard Pull units to metric tons in accordance with\\ncurrent practice.\\n5D-4-2/3.5 Seakeeping To clarify the additional factors to be considered on the alarm setting\\nand the control requirements for scenarios where fire pumps are\\npowered through power-take-off mechanism from propulsion shaft(s)\\nor from the same electric power plant which is the source for vessel’s\\npropulsion or position keeping machinery.\\n5D-6-2/5, 9, 11,\\n15\\nDefinitions To update the definitions of \\\"Cargo Area\\\", \\\"Hazardous Area\\\",\\n\\\"Machinery Space\\\", and \\\"Pump Room\\\" in 5D-6-2/5, 5D-6-2/9, 5D-6-\\n2/11 and 5D-6-2/15, respectively, to be in line with other ABS\\npublications.\\n5D-6-4/9.1.1 Machinery Equipment and Systems To update the definition of \\\"Hazardous Area\\\" in 5D-6-4/9.1.1 to be in\\nline with other ABS publications.\",\"textTemplate\":\"\",\"metadataSeparator\":\"\\n\",\"type\":\"DOCUMENT\",\"hash\":\"HMqlwCActw713OLeMd2wGoU1FTq/Pk6mPPZsS9nH5OE=\"}","__type__":"DOCUMENT"},"./data/1-mvr-nandgi-jan25.pdf_12":{"__data__":"{\"id_\":\"./data/1-mvr-nandgi-jan25.pdf_12\",\"metadata\":{\"page_number\":12,\"total_pages\":12,\"file_path\":\"C:\\\\Users\\\\hashi\\\\Documents\\\\Fiverr Projects\\\\llamaindex-demo\\\\demo-app-2\\\\data\\\\1-mvr-nandgi-jan25.pdf\",\"file_name\":\"1-mvr-nandgi-jan25.pdf\",\"private\":\"false\"},\"excludedEmbedMetadataKeys\":[],\"excludedLlmMetadataKeys\":[],\"relationships\":{},\"text\":\"Notices and General Information\\nABS RULES FOR BUILDING AND CLASSING MARINE VESSELS . 2025 9\\nPart/Para. No. Title/Subject Status/Remarks\\n5D-12-1/5.1 General To update the definition of \\\"Well Test Systems\\\" in 5D-12-1/5.1 to be\\nin line with other ABS publications.\\n5D-13-1/5 General To clearly identify the BP notation as a Notation rather than a Record\\nEntry, require Bollard Pull testing on all vessels.\\n5D-13-3/3 Definitions To update the definition of \\\"Static Bollard Pull (BP)\\\" in 5D-13-3/3 to\\nbe in line with other ABS publications.\\nPART 6 Specialized Items and Systems\\n6-2-1/13.21,\\n13.23, 13.23.4,\\n13.25\\nGeneral To update the definitions of \\\"Refrigerated Edible Bulk Liquid\\nTankers\\\", \\\"Cargo Containment System\\\", \\\"Pressure Tank\\\", and\\n''Refrigerated Fish Carrier\\\" in 6-2-1/13.21, 6-2-1/13.23, 6-2-1/13.23.4,\\nand 6-2-1/13.25 respectively, to be inline with other ABS\\npublications.\\n6-2-14/7 Refrigerated Edible Bulk Liquid\\nTanker\\nTo update the definition title of \\\"Cargo Containment System\\\" in 6-2-\\n14/7 to be inline with other ABS publications.\\n6-3-1/9.3 General To incorporate Guide for SOx Scrubber Ready Vessels into Part 6\\nChapter 3 of the Marine Vessel Rules.\\n6-3-2/2.4,14,17.9 EGC – SOx Scrubbers To incorporate Guide for SOx Scrubber Ready Vessels into Part 6\\nChapter 3 of the Marine Vessel Rules.\\n6-4-1/5 General To clarify that LVSC is an optional classification notation. The\\nrequirement for connecting shore power directly to the onboarding\\nswitchboard is moved from MVR 4-8-2/11.1.1 to MVR 6-4-1/11.\\n6-4-2/31 System Design To relocate the shore power system cable design requirement from\\nMVR 4-8-2/11.1.1 to MVR 6-4-2/31.\\n6-4-3/11.3 Equipment Design To relocate the instrumentation requirement for shore power\\nconnection from MVR 4-8-2/11.1.4 to MVR 6-4-3/11.3.\\n6-4-4/5.5 Installations To add cross-reference to MVR 4-8-4/21 for HV shore power cable\\ninstallation.\\nPart 7 “Rules for Survey After Construction”\\nThe reference date which is indicated in the parentheses following the title of the requirement in this Part is the date\\nthat the requirement becomes effective [e.g., 7-5-1/3.1, 3.5 “Survey Requirements” (2025) is to apply for vessels\\nundergoing survey on or after 1 January 2025].\\nEFFECTIVE DATE 1 January 2025 – shown as (2025)\\nPart/Para. No. Title/Subject Status/Remarks\\nPART 7 Rules for Survey After Construction\\n7-5-1/3.1, 3.5 Survey Requirements To update the definitions of \\\"Shaft\\\" and \\\"Tube Shaft\\\" in 7-5-1/3.1 and\\n7-5-1/3.5, respectively, to be in line with other ABS publications.\\n7-9-45/7.1.2, 7.1,\\n7.3, 7.5 and 7.7\\nLifting Appliances To update requirements for Annual and Retesting Hydraulic Elevators\\nsurveys, and add requirement for service engineer in line with current\\nABS practice.\\n7-A1-4/Table 3 Additional Information on Hull\\nThickness Measurement\\nTo expand the application of the table to aluminum vessels with\\nlengths greater than 90 meters.\\n7-A1-14 Surveys Based on Preventative\\nMaintenance Techniques\\nAddition of PMP-MS to the PM Appendix-Section 14.\\n7-A1-16 Surveys for Smart Function Systems\\nwithout PMP Notation\\nTo outline the annual survey requirements for Smart Function systems\\nnot enrolled in PMP and to be in alignment with the Smart Guide.\",\"textTemplate\":\"\",\"metadataSeparator\":\"\\n\",\"type\":\"DOCUMENT\",\"hash\":\"TnzmQQ0jGcLigng9B3qeViKE5ZkaezaQG1VN2iy9Zao=\"}","__type__":"DOCUMENT"},"90e170fa-7b8d-421c-a5ff-7f1702cc9460":{"__data__":"{\"id_\":\"90e170fa-7b8d-421c-a5ff-7f1702cc9460\",\"metadata\":{\"file_path\":\"C:\\\\Users\\\\hashi\\\\Documents\\\\Fiverr Projects\\\\llamaindex-demo\\\\demo-app-2\\\\data\\\\.gitkeep\",\"file_name\":\".gitkeep\",\"private\":\"false\"},\"excludedEmbedMetadataKeys\":[],\"excludedLlmMetadataKeys\":[],\"relationships\":{\"SOURCE\":{\"nodeId\":\"./data/.gitkeep_1\",\"metadata\":{\"file_path\":\"C:\\\\Users\\\\hashi\\\\Documents\\\\Fiverr Projects\\\\llamaindex-demo\\\\demo-app-2\\\\data\\\\.gitkeep\",\"file_name\":\".gitkeep\",\"private\":\"false\"},\"hash\":\"uYIii8Nsae6NQfSw01dXwDvsmqpuf2AjAy1zgVE5gPs=\"}},\"text\":\"\",\"textTemplate\":\"\",\"metadataSeparator\":\"\\n\",\"type\":\"TEXT\",\"hash\":\"5J+87LU2+CsuJujXe02hyycDMfdr0KOAxBKV/QrOLgQ=\"}","__type__":"TEXT"},"da15df9c-6d67-4108-954d-7722cabdbc79":{"__data__":"{\"id_\":\"da15df9c-6d67-4108-954d-7722cabdbc79\",\"metadata\":{\"page_number\":1,\"total_pages\":12,\"file_path\":\"C:\\\\Users\\\\hashi\\\\Documents\\\\Fiverr Projects\\\\llamaindex-demo\\\\demo-app-2\\\\data\\\\1-mvr-nandgi-jan25.pdf\",\"file_name\":\"1-mvr-nandgi-jan25.pdf\",\"private\":\"false\"},\"excludedEmbedMetadataKeys\":[],\"excludedLlmMetadataKeys\":[],\"relationships\":{\"SOURCE\":{\"nodeId\":\"./data/1-mvr-nandgi-jan25.pdf_1\",\"metadata\":{\"page_number\":1,\"total_pages\":12,\"file_path\":\"C:\\\\Users\\\\hashi\\\\Documents\\\\Fiverr Projects\\\\llamaindex-demo\\\\demo-app-2\\\\data\\\\1-mvr-nandgi-jan25.pdf\",\"file_name\":\"1-mvr-nandgi-jan25.pdf\",\"private\":\"false\"},\"hash\":\"VxKq5IC7noqUY6wEyayVR1MMM9immludqIQYkQSFNC8=\"}},\"text\":\"Rules for Building and Classing\\nMarine Vessels\\nNotices and General Information\\nJanuary 2025\",\"textTemplate\":\"\",\"endCharIdx\":91,\"metadataSeparator\":\"\\n\",\"type\":\"TEXT\",\"hash\":\"RDEsMF460nqAnNo6oiZaeWdq4EhLwqHMCiIua5cA678=\"}","__type__":"TEXT"},"a64974ee-2e65-4d89-b36f-d3021f2f49a1":{"__data__":"{\"id_\":\"a64974ee-2e65-4d89-b36f-d3021f2f49a1\",\"metadata\":{\"page_number\":2,\"total_pages\":12,\"file_path\":\"C:\\\\Users\\\\hashi\\\\Documents\\\\Fiverr Projects\\\\llamaindex-demo\\\\demo-app-2\\\\data\\\\1-mvr-nandgi-jan25.pdf\",\"file_name\":\"1-mvr-nandgi-jan25.pdf\",\"private\":\"false\"},\"excludedEmbedMetadataKeys\":[],\"excludedLlmMetadataKeys\":[],\"relationships\":{\"SOURCE\":{\"nodeId\":\"./data/1-mvr-nandgi-jan25.pdf_2\",\"metadata\":{\"page_number\":2,\"total_pages\":12,\"file_path\":\"C:\\\\Users\\\\hashi\\\\Documents\\\\Fiverr Projects\\\\llamaindex-demo\\\\demo-app-2\\\\data\\\\1-mvr-nandgi-jan25.pdf\",\"file_name\":\"1-mvr-nandgi-jan25.pdf\",\"private\":\"false\"},\"hash\":\"fWwAy/yD7ptCuV/eySOgsz6UKzZ24jua6b30KLone0A=\"}},\"text\":\"RULES FOR BUILDING AND CLASSING\\nMARINE VESSELS\\nJANUARY 2025\\nNOTICES AND\\nGENERAL INFORMATION\\nAmerican Bureau of Shipping\\nIncorporated by Act of Legislature of\\nthe State of New York 1862\\n 2025 American Bureau of Shipping. All rights reserved.\\nABS Plaza\\n1701 City Plaza Drive\\nSpring, TX 77389 USA\",\"textTemplate\":\"\",\"endCharIdx\":294,\"metadataSeparator\":\"\\n\",\"type\":\"TEXT\",\"hash\":\"APi8bMwHjdgZjqniqAL7zwE0HgfWGuZurjCyaZUkxRY=\"}","__type__":"TEXT"},"c282eb1e-0070-4c82-acf2-be9f51efc35d":{"__data__":"{\"id_\":\"c282eb1e-0070-4c82-acf2-be9f51efc35d\",\"metadata\":{\"page_number\":3,\"total_pages\":12,\"file_path\":\"C:\\\\Users\\\\hashi\\\\Documents\\\\Fiverr Projects\\\\llamaindex-demo\\\\demo-app-2\\\\data\\\\1-mvr-nandgi-jan25.pdf\",\"file_name\":\"1-mvr-nandgi-jan25.pdf\",\"private\":\"false\"},\"excludedEmbedMetadataKeys\":[],\"excludedLlmMetadataKeys\":[],\"relationships\":{\"SOURCE\":{\"nodeId\":\"./data/1-mvr-nandgi-jan25.pdf_3\",\"metadata\":{\"page_number\":3,\"total_pages\":12,\"file_path\":\"C:\\\\Users\\\\hashi\\\\Documents\\\\Fiverr Projects\\\\llamaindex-demo\\\\demo-app-2\\\\data\\\\1-mvr-nandgi-jan25.pdf\",\"file_name\":\"1-mvr-nandgi-jan25.pdf\",\"private\":\"false\"},\"hash\":\"Glwc1p8DelFY93LF8hiPqahsP/1Mehwohb+BjxI/flU=\"}},\"text\":\"ABS RULES FOR BUILDING AND CLASSING MARINE VESSELS . 2025 iii\\nNotices and General Information\\nCONTENTS\\nIntroduction........................................................................................................................ 1\\nTABLE 1 Applicable Editions of Parts Comprising January 2025\\nMarine Vessel Rules ................................................................. 4\\nTABLE 2 Division and Numbering of Rules ............................................. 5\\nRule Change Notice (2025) ............................................................................................... 6\\nTABLE 3 Summary of Changes from the July 2024 Rules ...................... 6\",\"textTemplate\":\"\",\"endCharIdx\":675,\"metadataSeparator\":\"\\n\",\"type\":\"TEXT\",\"hash\":\"oajZ/96Aa/HrSovbaH6U1nmy5yvr1hMbQeT05gRhxFw=\"}","__type__":"TEXT"},"0bd5b5dd-451a-4a70-8308-1b3326b73b19":{"__data__":"{\"id_\":\"0bd5b5dd-451a-4a70-8308-1b3326b73b19\",\"metadata\":{\"page_number\":4,\"total_pages\":12,\"file_path\":\"C:\\\\Users\\\\hashi\\\\Documents\\\\Fiverr Projects\\\\llamaindex-demo\\\\demo-app-2\\\\data\\\\1-mvr-nandgi-jan25.pdf\",\"file_name\":\"1-mvr-nandgi-jan25.pdf\",\"private\":\"false\"},\"excludedEmbedMetadataKeys\":[],\"excludedLlmMetadataKeys\":[],\"relationships\":{\"SOURCE\":{\"nodeId\":\"./data/1-mvr-nandgi-jan25.pdf_4\",\"metadata\":{\"page_number\":4,\"total_pages\":12,\"file_path\":\"C:\\\\Users\\\\hashi\\\\Documents\\\\Fiverr Projects\\\\llamaindex-demo\\\\demo-app-2\\\\data\\\\1-mvr-nandgi-jan25.pdf\",\"file_name\":\"1-mvr-nandgi-jan25.pdf\",\"private\":\"false\"},\"hash\":\"uvcs8+nJH7ER/EuSMunry2oDUGL4KKT9ECZsSmoDqJQ=\"}},\"text\":\"ABS RULES FOR BUILDING AND CLASSING MARINE VESSELS . 2025 1\\nNotices and General Information\\nIntroduction\\n1. The 2025 edition of the Rules for Building and Classing Marine Vessels consists of the Parts as\\nshown in Table 1. Reference is made in these Rules to the following generic Rules:\\na) Rules for Conditions of Classification (Part 1A) includes consolidated requirements for\\n“Classification” applicable to all types of and sizes of vessels, barges and specific\\nshipboard arrangements/systems, etc., except for those in offshore service, as specified in\\nthe Foreword to Part 1A. Additional specific requirements are contained in Chapter 5 of\\nPart 1A.\\nb) Rules for Alternative Arrangements, Novel Concepts and New Technologies (Part 1D)\\nintroduces a procedure for acceptance of alternative arrangements, novel concepts, and\\nnew technologies based on Goals and Functional Requirements, including a consolidated\\nlist of Tier 1 Goals.\\nc) Rules for Materials and Welding (Part 2) contains materials requirements common to\\nABS-classed vessels, other marine structures and their associated machinery, including\\nsteel, aluminum, and FRP materials.\\nd) Rules for Survey After Construction (Part 7) contains consolidated requirements for\\n“Surveys After Construction” applicable to all types and sizes of vessels, barges and\\nspecific shipboard arrangements/systems, etc., as specified in Part 7, Chapter 1, Section 1.\\n2. The numbering system applied in the Rules is shown in Table 2.\\n3. The primary changes from the July 2024 Rules are identified and listed in Table 3. The effective\\ndate of the indicated Rule Changes is 1 January 2025, unless specifically indicated otherwise.\\nFor certain changes that have a major impact on shipyards, designers and vendors, ABS has\\ninstituted a two-year Rule cycle to give the industry more time to prepare for these changes. The\\ntext of these changes will appear in a box along with the effective date just under the existing Rule\\nrequirement.\",\"textTemplate\":\"\",\"endCharIdx\":1971,\"metadataSeparator\":\"\\n\",\"type\":\"TEXT\",\"hash\":\"k9DmiB18fDSIeOPuB8mu39A0cjFaTD3JhAt46u+Y6to=\"}","__type__":"TEXT"},"6232a1ef-192c-46c7-82b5-19e653dd0be2":{"__data__":"{\"id_\":\"6232a1ef-192c-46c7-82b5-19e653dd0be2\",\"metadata\":{\"page_number\":5,\"total_pages\":12,\"file_path\":\"C:\\\\Users\\\\hashi\\\\Documents\\\\Fiverr Projects\\\\llamaindex-demo\\\\demo-app-2\\\\data\\\\1-mvr-nandgi-jan25.pdf\",\"file_name\":\"1-mvr-nandgi-jan25.pdf\",\"private\":\"false\"},\"excludedEmbedMetadataKeys\":[],\"excludedLlmMetadataKeys\":[],\"relationships\":{\"SOURCE\":{\"nodeId\":\"./data/1-mvr-nandgi-jan25.pdf_5\",\"metadata\":{\"page_number\":5,\"total_pages\":12,\"file_path\":\"C:\\\\Users\\\\hashi\\\\Documents\\\\Fiverr Projects\\\\llamaindex-demo\\\\demo-app-2\\\\data\\\\1-mvr-nandgi-jan25.pdf\",\"file_name\":\"1-mvr-nandgi-jan25.pdf\",\"private\":\"false\"},\"hash\":\"PtODRqmi09KgRO71hkKKQVSqX7zvrcOSEBt3YaYwhpY=\"},\"NEXT\":{\"nodeId\":\"c728a31b-708a-477e-9d42-e0be3a2b138d\",\"metadata\":{},\"hash\":\"Y1qZW42EgTJG8IE9rBySEEwsLhsd4ZpIPe/1LkMVqOg=\"}},\"text\":\"Notices and General Information\\nABS RULES FOR BUILDING AND CLASSING MARINE VESSELS .2025 2\\n4.In association with the harmonization of the Common Structural Rules (CSR) for Bulk Carriers\\nand Oil Tankers, on 1 July 2015, the three Sub-parts, 5A, 5B, and 5C, of Part 5 of the Rules for\\nBuilding and Classing Marine Vessels are as follows:\\nContents\\nPart 5A: General Hull Requirements (IACS CSR Part 1)\\nPart 5B: Ship Types (IACS CSR Part 2)\\nPart 5C: This Part is divided into two separate booklets as follows:\\nChapters 1 to 6: Tankers and Bulk Carriers not covered by Part 5A\\nand Part 5B and Container Carriers\\nChapters 7 to 22: Passenger Vessels, Liquefied Gas Carriers, Chemical\\nCarriers, Vessels Intended to Carry Vehicles, Vessels\\nIntended to Carry Liquid Cargoes in Bulk (other than\\nOil or Chemical), Membrane Tank LNG Carriers,\\nVessels Using Gases or other Low-Flashpoint Fuels,\\nFire Fighting Vessels, Oil Recovery Vessels, Escort\\nVessels, Vessels Under 90 m (295 ft) Intended for\\nTowing, Fishing Vessels, Box-Shaped Bulk Carriers,\\nGeneral Dry Cargo Vessels, Heavy Lift Ships, and\\nAnchor Handling Vessels.Part 5D: Offshore Support Vessels for Specialized Services\\nApplication – Oil Tankers\\nThe structural requirements in Part 5A, Pt 1 and Part 5B, Pt 2, Ch 2 of the Rules are\\napplicable for double hull oil tankers of 150 m in length and upward, with structural\\narrangements as specified in Part 5A, Pt 1, Ch 1, Sec 1, [1.3].\",\"textTemplate\":\"\",\"metadataSeparator\":\"\\n\",\"type\":\"TEXT\",\"hash\":\"F50LoywoWsvEh4a8ix7HbqVMptr/xVSwayo2Y13VRO8=\"}","__type__":"TEXT"},"c728a31b-708a-477e-9d42-e0be3a2b138d":{"__data__":"{\"id_\":\"c728a31b-708a-477e-9d42-e0be3a2b138d\",\"metadata\":{\"page_number\":5,\"total_pages\":12,\"file_path\":\"C:\\\\Users\\\\hashi\\\\Documents\\\\Fiverr Projects\\\\llamaindex-demo\\\\demo-app-2\\\\data\\\\1-mvr-nandgi-jan25.pdf\",\"file_name\":\"1-mvr-nandgi-jan25.pdf\",\"private\":\"false\"},\"excludedEmbedMetadataKeys\":[],\"excludedLlmMetadataKeys\":[],\"relationships\":{\"SOURCE\":{\"nodeId\":\"./data/1-mvr-nandgi-jan25.pdf_5\",\"metadata\":{\"page_number\":5,\"total_pages\":12,\"file_path\":\"C:\\\\Users\\\\hashi\\\\Documents\\\\Fiverr Projects\\\\llamaindex-demo\\\\demo-app-2\\\\data\\\\1-mvr-nandgi-jan25.pdf\",\"file_name\":\"1-mvr-nandgi-jan25.pdf\",\"private\":\"false\"},\"hash\":\"PtODRqmi09KgRO71hkKKQVSqX7zvrcOSEBt3YaYwhpY=\"},\"PREVIOUS\":{\"nodeId\":\"6232a1ef-192c-46c7-82b5-19e653dd0be2\",\"metadata\":{\"page_number\":5,\"total_pages\":12,\"file_path\":\"C:\\\\Users\\\\hashi\\\\Documents\\\\Fiverr Projects\\\\llamaindex-demo\\\\demo-app-2\\\\data\\\\1-mvr-nandgi-jan25.pdf\",\"file_name\":\"1-mvr-nandgi-jan25.pdf\",\"private\":\"false\"},\"hash\":\"F50LoywoWsvEh4a8ix7HbqVMptr/xVSwayo2Y13VRO8=\"}},\"text\":\"For oil tankers with structural arrangements not covered by Part 5A, Pt 1 and Part 5B,\\nPt 2, Ch 2, the requirements in Part 5C, Chapters 1 or 2, are to be complied with.Application – Bulk Carriers\\nThe structural requirements in Part 5A, Pt 1 and Part 5B, Pt 2, Ch 1 of the Rules are\\napplicable for single side skin and double side skin bulk carriers of 90m in length and\\nupward, with structural arrangements as specified in Part 5A, Pt 1, Ch 1, Sec 1, [1.2].For vessels intended to carry ore or bulk cargoes, other than the single side skin or double\\nside skin bulk carriers of 90 m in length and upward with structural arrangements as\\nspecified in Part 5A, Pt 1 and Part 5B, Pt 2, Ch 1, the requirements in Part 5C, Chapters 3\\nor 4 are to be complied with.Application – ABS Construction Monitoring Program\\nThese compulsory requirements for CSR notation are specified in Part 5C, Appendix 1,\\nSection 2.Application – Onboard Systems for Oil Tankers and Bulk Carriers\\nThe onboard systems for all tankers are to comply with the requirements of Part 5C,\\nChapter 2, Section 3, and for all bulk carriers are to comply with the requirements of Part\\n5C, Chapter 3, Section 7 of the Rules.Application – References\\nOther Parts of the ABS Rules that are referenced within Part 5A, 5B, 5C, and 5D are also\\nto be applied.\",\"textTemplate\":\"\",\"metadataSeparator\":\"\\n\",\"type\":\"TEXT\",\"hash\":\"sJifc2WV+TnExLLnEs+R8zsjdcdcHrWt8YaxbuIj/8w=\"}","__type__":"TEXT"},"6c338009-e1b7-40f0-82e3-5b944a2397a8":{"__data__":"{\"id_\":\"6c338009-e1b7-40f0-82e3-5b944a2397a8\",\"metadata\":{\"page_number\":6,\"total_pages\":12,\"file_path\":\"C:\\\\Users\\\\hashi\\\\Documents\\\\Fiverr Projects\\\\llamaindex-demo\\\\demo-app-2\\\\data\\\\1-mvr-nandgi-jan25.pdf\",\"file_name\":\"1-mvr-nandgi-jan25.pdf\",\"private\":\"false\"},\"excludedEmbedMetadataKeys\":[],\"excludedLlmMetadataKeys\":[],\"relationships\":{\"SOURCE\":{\"nodeId\":\"./data/1-mvr-nandgi-jan25.pdf_6\",\"metadata\":{\"page_number\":6,\"total_pages\":12,\"file_path\":\"C:\\\\Users\\\\hashi\\\\Documents\\\\Fiverr Projects\\\\llamaindex-demo\\\\demo-app-2\\\\data\\\\1-mvr-nandgi-jan25.pdf\",\"file_name\":\"1-mvr-nandgi-jan25.pdf\",\"private\":\"false\"},\"hash\":\"EDGhcNKZ8NQnFevJN0Mhby8WuqoJyDSZgG/ffcwszLQ=\"},\"NEXT\":{\"nodeId\":\"10cc9ef5-0562-48e6-b2a5-3b8cab613350\",\"metadata\":{},\"hash\":\"UPURhcWlmOu9f3QcSRo7YAagXw64knhFbvVjkUj47iY=\"}},\"text\":\"Notices and General Information\\nABS RULES FOR BUILDING AND CLASSING MARINE VESSELS .2025 3\\nThe following flow chart indicates the application of the Rules and typical Class Notations for tanker and bulk\\ncarrier vessels, of which arrangements and scantlings are in full compliance with the Rules:\\nVessels Intended to Carry Oil in Bulk Vessels Intended to Carry Ore or Bulk Cargoes\\nL ≥ 150 m?Arrangement and\\nlayout comply with\\n5A-1-1/1.3 and\\n5A-1-1/Figure 3?Part 5A and Part 5B, Chapter 2:\\nCommon Structural Rules\\nand\\nPart 5C, Appendix 1, Section 2\\nPart 5C, Chapter 2, Section 3:\\nABS Marine Vessel Rules\\nÀ A1 Oil Carrier, CSR, AB-CM\\nplus\\nappropriate notations for oil carriers\\nPart 5C, Chapter 1\\nPart 5C, Appendix 1, Section 1\\nABS Marine Vessel Rules\\n(L ≥ 150 m)\\nÀ A1 Oil Carrier, SH, SHCM\\nplus\\nappropriate notations for oil carriers\\nPart 5C, Chapter 2\\nABS Marine Vessel Rules\\n(L < 150 m)\\nÀ A1 Oil Carrier\\nplus\\nappropriate notations for oil carriers\\nL ≥ 90 m?Arrangement and\\nlayout comply with\\n5A-1-1/1.2 and\\n5A-1-1/Figures 1 & 2?\",\"textTemplate\":\"\",\"metadataSeparator\":\"\\n\",\"type\":\"TEXT\",\"hash\":\"IkO7lYWFEHBfVJJ6HPPw2tnpVird7CzHr60QslM//h8=\"}","__type__":"TEXT"},"10cc9ef5-0562-48e6-b2a5-3b8cab613350":{"__data__":"{\"id_\":\"10cc9ef5-0562-48e6-b2a5-3b8cab613350\",\"metadata\":{\"page_number\":6,\"total_pages\":12,\"file_path\":\"C:\\\\Users\\\\hashi\\\\Documents\\\\Fiverr Projects\\\\llamaindex-demo\\\\demo-app-2\\\\data\\\\1-mvr-nandgi-jan25.pdf\",\"file_name\":\"1-mvr-nandgi-jan25.pdf\",\"private\":\"false\"},\"excludedEmbedMetadataKeys\":[],\"excludedLlmMetadataKeys\":[],\"relationships\":{\"SOURCE\":{\"nodeId\":\"./data/1-mvr-nandgi-jan25.pdf_6\",\"metadata\":{\"page_number\":6,\"total_pages\":12,\"file_path\":\"C:\\\\Users\\\\hashi\\\\Documents\\\\Fiverr Projects\\\\llamaindex-demo\\\\demo-app-2\\\\data\\\\1-mvr-nandgi-jan25.pdf\",\"file_name\":\"1-mvr-nandgi-jan25.pdf\",\"private\":\"false\"},\"hash\":\"EDGhcNKZ8NQnFevJN0Mhby8WuqoJyDSZgG/ffcwszLQ=\"},\"PREVIOUS\":{\"nodeId\":\"6c338009-e1b7-40f0-82e3-5b944a2397a8\",\"metadata\":{\"page_number\":6,\"total_pages\":12,\"file_path\":\"C:\\\\Users\\\\hashi\\\\Documents\\\\Fiverr Projects\\\\llamaindex-demo\\\\demo-app-2\\\\data\\\\1-mvr-nandgi-jan25.pdf\",\"file_name\":\"1-mvr-nandgi-jan25.pdf\",\"private\":\"false\"},\"hash\":\"IkO7lYWFEHBfVJJ6HPPw2tnpVird7CzHr60QslM//h8=\"}},\"text\":\"Part 5A and Part 5B, Chapter 1:\\nCommon Structural Rules\\nand\\nPart 5C, Appendix 1, Section 2\\nPart 5C, Chapter 3, Section 7:\\nABS Marine Vessel Rules\\nPart 5C, Chapter 3\\nPart 5C, Appendix 1, Section 1\\nABS Marine Vessel Rules\\n(L ≥ 150 m)\\nPart 5C, Chapter 4\\nABS Marine Vessel Rules\\n(L < 150 m)\\nÀ A1 Bulk Carrier, CSR, AB-CM\\nplus\\nappropriate notations for bulk carriers\\nÀ A1 Bulk Carrier, SH, SHCM\\nplus\\nappropriate notations for bulk carriers\\nÀ A1 Bulk Carrier\\nplus\\nappropriate notations for bulk carriers\\nYes\\nYes\\nYes\\nYes\\nNo No\\nOr\\nNo No\",\"textTemplate\":\"\",\"startCharIdx\":1033,\"endCharIdx\":1561,\"metadataSeparator\":\"\\n\",\"type\":\"TEXT\",\"hash\":\"caajBl8kyP3LaVKDa7MfJaBsYM+CGaIQOE++pV9uyrI=\"}","__type__":"TEXT"},"62f981b1-568a-411d-977c-4bbcd3b5d37c":{"__data__":"{\"id_\":\"62f981b1-568a-411d-977c-4bbcd3b5d37c\",\"metadata\":{\"page_number\":7,\"total_pages\":12,\"file_path\":\"C:\\\\Users\\\\hashi\\\\Documents\\\\Fiverr Projects\\\\llamaindex-demo\\\\demo-app-2\\\\data\\\\1-mvr-nandgi-jan25.pdf\",\"file_name\":\"1-mvr-nandgi-jan25.pdf\",\"private\":\"false\"},\"excludedEmbedMetadataKeys\":[],\"excludedLlmMetadataKeys\":[],\"relationships\":{\"SOURCE\":{\"nodeId\":\"./data/1-mvr-nandgi-jan25.pdf_7\",\"metadata\":{\"page_number\":7,\"total_pages\":12,\"file_path\":\"C:\\\\Users\\\\hashi\\\\Documents\\\\Fiverr Projects\\\\llamaindex-demo\\\\demo-app-2\\\\data\\\\1-mvr-nandgi-jan25.pdf\",\"file_name\":\"1-mvr-nandgi-jan25.pdf\",\"private\":\"false\"},\"hash\":\"A7yc6ahMhwie1pMowIRwHRbP5ogE5vmSNi48IJM9sHw=\"},\"NEXT\":{\"nodeId\":\"12c9b635-3f3d-4908-b412-734e7eb8e162\",\"metadata\":{},\"hash\":\"W0Tg9BqAR2oxxoZwItvfrY5hmIVYlx8+XWdbNM+6jRY=\"}},\"text\":\"Notices and General Information\\nABS RULES FOR BUILDING AND CLASSING MARINE VESSELS .\",\"textTemplate\":\"\",\"endCharIdx\":84,\"metadataSeparator\":\"\\n\",\"type\":\"TEXT\",\"hash\":\"xQ9+FA9cVbsld4ob8HCxQASYlU/9cpnvuyesdCsY+1k=\"}","__type__":"TEXT"},"12c9b635-3f3d-4908-b412-734e7eb8e162":{"__data__":"{\"id_\":\"12c9b635-3f3d-4908-b412-734e7eb8e162\",\"metadata\":{\"page_number\":7,\"total_pages\":12,\"file_path\":\"C:\\\\Users\\\\hashi\\\\Documents\\\\Fiverr Projects\\\\llamaindex-demo\\\\demo-app-2\\\\data\\\\1-mvr-nandgi-jan25.pdf\",\"file_name\":\"1-mvr-nandgi-jan25.pdf\",\"private\":\"false\"},\"excludedEmbedMetadataKeys\":[],\"excludedLlmMetadataKeys\":[],\"relationships\":{\"SOURCE\":{\"nodeId\":\"./data/1-mvr-nandgi-jan25.pdf_7\",\"metadata\":{\"page_number\":7,\"total_pages\":12,\"file_path\":\"C:\\\\Users\\\\hashi\\\\Documents\\\\Fiverr Projects\\\\llamaindex-demo\\\\demo-app-2\\\\data\\\\1-mvr-nandgi-jan25.pdf\",\"file_name\":\"1-mvr-nandgi-jan25.pdf\",\"private\":\"false\"},\"hash\":\"A7yc6ahMhwie1pMowIRwHRbP5ogE5vmSNi48IJM9sHw=\"},\"PREVIOUS\":{\"nodeId\":\"62f981b1-568a-411d-977c-4bbcd3b5d37c\",\"metadata\":{\"page_number\":7,\"total_pages\":12,\"file_path\":\"C:\\\\Users\\\\hashi\\\\Documents\\\\Fiverr Projects\\\\llamaindex-demo\\\\demo-app-2\\\\data\\\\1-mvr-nandgi-jan25.pdf\",\"file_name\":\"1-mvr-nandgi-jan25.pdf\",\"private\":\"false\"},\"hash\":\"QzN69Cz/dkNpbYYDbUAWdE6ivJWKDn6Oe12O5dDSLh4=\"}},\"text\":\"2025 4\\nTABLE 1\\nApplicable Editions of Parts Comprising January 2025 Marine Vessel Rules\\nNotices and General Information January 2025\\nPart 1A: Rules for Conditions of Classification January 2025\\nPart 1D: Rules for Alternative Arrangements, Novel Concepts and\\nNew Technologies\\nJanuary 2024\\nPart 2: Rules for Materials and Welding\\nRules for Testing and Certification of Materials\\nRules for Welding and Fabrication\\nJanuary 2025\\nPart 3: Hull Construction and Equipment January 2025\\nPart 4: Vessel Systems and Machinery January 2025\\nPart 5A: Specific Vessel Types\\nGeneral Hull Requirements (IACS CSR Part 1)\\nJanuary 2025\\nPart 5B: Specific Vessel Types\\nShip Types (IACS CSR Part 2)\\nJanuary 2025\\nPart 5C: Specific Vessel Types\\nChapter 1 General Hull Requirements for\\nSafeHull Vessels (New)\\nChapter 2 Oil Carriers\\nChapter 3 & 4 Bulk Carriers\\nChapter 5 & 6 Container Carriers\\nChapter 7 Passenger Carriers\\nChapter 8 Liquefied Gas Carriers\\nChapter 9 Chemical Carriers\\nChapter 10 Vehicle Carriers\\nChapter 11 Vessels Intended to Carry Liquid\\nCargoes in Bulk (other than Oil or\\nChemical)\\nChapter 12 Liquefied Gas Carrier with Membrane\\nTanks\\nChapter 13 Vessels Using Gases or other Low-\\nFlashpoint Fuels\\nChapter 14 Fire Fighting Vessels\\nChapter 15 Oil Recovery Vessels\\nChapter 16 Escort Vessels\\nChapter 17 Vessels Under 90m (295 ft) Intended\\nfor Towing\\nChapter 18 Fishing Vessels\\nChapter 19 Vessels Intended to Carry Bulk Cargoes\\nwithout Upper Wing Tanks and Lower\\nWing Tanks\\nChapter 20 General Dry Cargo Vessels\\nChapter 21 Heavy Lift Ships\\nChapter 22 Anchor Handling Vessels\\nJanuary 2025\",\"textTemplate\":\"\",\"startCharIdx\":85,\"endCharIdx\":1657,\"metadataSeparator\":\"\\n\",\"type\":\"TEXT\",\"hash\":\"yRtPek9cGH/QbjNHWnXPiIr5Vcbvk945Tmw68mZ9S2Y=\"}","__type__":"TEXT"},"f2bcbfab-4857-443d-8eb0-9b96490fec04":{"__data__":"{\"id_\":\"f2bcbfab-4857-443d-8eb0-9b96490fec04\",\"metadata\":{\"page_number\":8,\"total_pages\":12,\"file_path\":\"C:\\\\Users\\\\hashi\\\\Documents\\\\Fiverr Projects\\\\llamaindex-demo\\\\demo-app-2\\\\data\\\\1-mvr-nandgi-jan25.pdf\",\"file_name\":\"1-mvr-nandgi-jan25.pdf\",\"private\":\"false\"},\"excludedEmbedMetadataKeys\":[],\"excludedLlmMetadataKeys\":[],\"relationships\":{\"SOURCE\":{\"nodeId\":\"./data/1-mvr-nandgi-jan25.pdf_8\",\"metadata\":{\"page_number\":8,\"total_pages\":12,\"file_path\":\"C:\\\\Users\\\\hashi\\\\Documents\\\\Fiverr Projects\\\\llamaindex-demo\\\\demo-app-2\\\\data\\\\1-mvr-nandgi-jan25.pdf\",\"file_name\":\"1-mvr-nandgi-jan25.pdf\",\"private\":\"false\"},\"hash\":\"hnlTic3w1PJJLJFLsy/1nEfBvkV2STpUUZYju/kGDyc=\"},\"NEXT\":{\"nodeId\":\"0f649a28-2d69-4d9c-be41-2892bd502dcd\",\"metadata\":{},\"hash\":\"uhhobq8Wp0r/9FLmIWvd/utB3ASN1X98ZJcS6QsXqgg=\"}},\"text\":\"Notices and General Information\\nABS RULES FOR BUILDING AND CLASSING MARINE VESSELS .2025 5\\nPart 5D: Offshore Support Vessels for Specialized Services\\nChapter 1 Vessels Intended for Offshore Support\\nServices\\nChapter 2 Offshore Supply\\nChapter 3 Anchor Handling and Towing\\nChapter 4 Fire Fighting\\nChapter 5 Diving and Remotely Operated\\nVehicles (ROVs) Support\\nChapter 6 Oil Spill Recovery\\nChapter 7 Safety Standby Rescue\\nChapter 8 Pipe Laying\\nChapter 9 Heavy Lift\\nChapter 10 Well Intervention\\nChapter 11 Well Stimulation\\nChapter 12 Well Test\\nChapter 13 Escort\\nChapter 14 Wind Turbine Installation, Maintenance\\nand Repair (Wind IMR)\\nChapter 15 Cable Laying\\nChapter 16 Subsea Services\\nJanuary 2025\\nPart 6: Specialized Items and Systems\\nChapter 1 Strengthening for Navigation in Ice\\nChapter 2 Refrigerated Cargo Vessels\\nChapter 3 Exhaust Emission Abatement\\nChapter 4 Low and High Voltage Shore\\nConnection\\nChapter 5 Alternative Fuels\\nChapter 6 Ballast Water Treatment (New)\\nJanuary 2025\\nPart 7: Rules for Survey After Construction January 2025\\nTABLE 2\\nDivision and Numbering of Rules\\nDivision Number\\nPart Part 1\\nChapter Part 1, Chapter 1\\nSection Section 1-1-1\\nSubsection (see Note 1) 1-1-1/1\\nParagraph (see Note 1) 1-1-1/1.1\\nSubparagraph 1-1-1/1.1.1\\nItem 1-1-1/1.1.1(a)\\nSubitem 1-1-1/1.1.1(a)i)\\nAppendix Appendix 1-1-A1 or Appendix 1-A1-1\\nNote:\\n1 An odd number (1, 3, 5, etc.) numbering system is used for the Rules.\",\"textTemplate\":\"\",\"metadataSeparator\":\"\\n\",\"type\":\"TEXT\",\"hash\":\"s+tAa+/Y+r/ZylFt9hLaj/dhirHGMNg79DL15OhFnPk=\"}","__type__":"TEXT"},"0f649a28-2d69-4d9c-be41-2892bd502dcd":{"__data__":"{\"id_\":\"0f649a28-2d69-4d9c-be41-2892bd502dcd\",\"metadata\":{\"page_number\":8,\"total_pages\":12,\"file_path\":\"C:\\\\Users\\\\hashi\\\\Documents\\\\Fiverr Projects\\\\llamaindex-demo\\\\demo-app-2\\\\data\\\\1-mvr-nandgi-jan25.pdf\",\"file_name\":\"1-mvr-nandgi-jan25.pdf\",\"private\":\"false\"},\"excludedEmbedMetadataKeys\":[],\"excludedLlmMetadataKeys\":[],\"relationships\":{\"SOURCE\":{\"nodeId\":\"./data/1-mvr-nandgi-jan25.pdf_8\",\"metadata\":{\"page_number\":8,\"total_pages\":12,\"file_path\":\"C:\\\\Users\\\\hashi\\\\Documents\\\\Fiverr Projects\\\\llamaindex-demo\\\\demo-app-2\\\\data\\\\1-mvr-nandgi-jan25.pdf\",\"file_name\":\"1-mvr-nandgi-jan25.pdf\",\"private\":\"false\"},\"hash\":\"hnlTic3w1PJJLJFLsy/1nEfBvkV2STpUUZYju/kGDyc=\"},\"PREVIOUS\":{\"nodeId\":\"f2bcbfab-4857-443d-8eb0-9b96490fec04\",\"metadata\":{\"page_number\":8,\"total_pages\":12,\"file_path\":\"C:\\\\Users\\\\hashi\\\\Documents\\\\Fiverr Projects\\\\llamaindex-demo\\\\demo-app-2\\\\data\\\\1-mvr-nandgi-jan25.pdf\",\"file_name\":\"1-mvr-nandgi-jan25.pdf\",\"private\":\"false\"},\"hash\":\"s+tAa+/Y+r/ZylFt9hLaj/dhirHGMNg79DL15OhFnPk=\"}},\"text\":\"The purpose is to permit future insertions of\\neven-numbered paragraphs (2, 4, 6, etc.) of text and to avoid the necessity of having to renumber the existing text and\\nassociated cross-references, as applicable, within the Rules and associated process instructions, check sheets, etc.\",\"textTemplate\":\"\",\"startCharIdx\":1411,\"endCharIdx\":1693,\"metadataSeparator\":\"\\n\",\"type\":\"TEXT\",\"hash\":\"bb/Xk7J+jcWiu0xLsjaKEUjUMKYOMdN32AePFXpuhhU=\"}","__type__":"TEXT"},"a2707b9a-5577-42b1-b03d-cbe5519ac42b":{"__data__":"{\"id_\":\"a2707b9a-5577-42b1-b03d-cbe5519ac42b\",\"metadata\":{\"page_number\":9,\"total_pages\":12,\"file_path\":\"C:\\\\Users\\\\hashi\\\\Documents\\\\Fiverr Projects\\\\llamaindex-demo\\\\demo-app-2\\\\data\\\\1-mvr-nandgi-jan25.pdf\",\"file_name\":\"1-mvr-nandgi-jan25.pdf\",\"private\":\"false\"},\"excludedEmbedMetadataKeys\":[],\"excludedLlmMetadataKeys\":[],\"relationships\":{\"SOURCE\":{\"nodeId\":\"./data/1-mvr-nandgi-jan25.pdf_9\",\"metadata\":{\"page_number\":9,\"total_pages\":12,\"file_path\":\"C:\\\\Users\\\\hashi\\\\Documents\\\\Fiverr Projects\\\\llamaindex-demo\\\\demo-app-2\\\\data\\\\1-mvr-nandgi-jan25.pdf\",\"file_name\":\"1-mvr-nandgi-jan25.pdf\",\"private\":\"false\"},\"hash\":\"5LAvD0LxJf18iV2lBW46XXTeaPg8cmhBves9bSUwe8k=\"},\"NEXT\":{\"nodeId\":\"627c8d44-f15b-42b6-b4ac-568d7aa32c98\",\"metadata\":{},\"hash\":\"SOnpTuOOCWRQ/5xAnq5LrmArmPJw94FMi7nRBE9wWmU=\"}},\"text\":\"Notices and General Information\\nABS RULES FOR BUILDING AND CLASSING MARINE VESSELS .2025 6\\nRule Change Notice (2025)\\nTABLE 3\\nSummary of Changes from the July 2024 Rules\\nEFFECTIVE DATE 1 January 2025 – shown as (2025)\\nPart/Para.No.Title/Subject Status/Remarks\\nPART 1A Rules for Conditions of Classification\\n1A-1-4/7.7.6 Rules for Classification To update the definition of \\\"component\\\" in 1-1-4/7.7.6 to be in line\\nwith IACS UR M44 and other ABS publications.1A-7-5 Manuals To update the requirements for manuals based on Rules Changes to\\nSection 6 of the Underwater Vehicles Rules.EFFECTIVE DATE 1 January 2025 – shown as (2025)\\n(based on the date of purchase order of the materials)\\nPart/Para.No.Title/Subject Status/Remarks\\nPART 2 Materials and Welding\\n2-3-14/7.1, Table\\n3, Figure 8, 9.5.1,\\n9.5.2, 17.1\\nBronze Castings To incorporate update of IACS UR W24 Cast copper alloy propellers\\n(Rev 5).2-3-15/17.13 Stainless Steel Propeller Castings To incorporate IACS UR W27 Cast Steel propellers updates.2-6-4/3.17 Quality Control To update the definition of \\\"Audit\\\" in 2-6-4/3.17 to be in line with\\nother ABS publications.EFFECTIVE DATE 1 January 2025 – shown as (2025)\\n(based on the contract date for new construction between builder and Owner)\\nPart/Para.No.Title/Subject Status/Remarks\\nPART 3 Hull Construction and Equipment\\n3-2-3/3.7, Table 1 Decks To align deck plating requirements with under 90 meter rules and\\nclarify notes.\",\"textTemplate\":\"\",\"metadataSeparator\":\"\\n\",\"type\":\"TEXT\",\"hash\":\"YBAyGrWSozOC16al06dAqmmSzMSbaPc9TBpW4Tt2vZk=\"}","__type__":"TEXT"},"627c8d44-f15b-42b6-b4ac-568d7aa32c98":{"__data__":"{\"id_\":\"627c8d44-f15b-42b6-b4ac-568d7aa32c98\",\"metadata\":{\"page_number\":9,\"total_pages\":12,\"file_path\":\"C:\\\\Users\\\\hashi\\\\Documents\\\\Fiverr Projects\\\\llamaindex-demo\\\\demo-app-2\\\\data\\\\1-mvr-nandgi-jan25.pdf\",\"file_name\":\"1-mvr-nandgi-jan25.pdf\",\"private\":\"false\"},\"excludedEmbedMetadataKeys\":[],\"excludedLlmMetadataKeys\":[],\"relationships\":{\"SOURCE\":{\"nodeId\":\"./data/1-mvr-nandgi-jan25.pdf_9\",\"metadata\":{\"page_number\":9,\"total_pages\":12,\"file_path\":\"C:\\\\Users\\\\hashi\\\\Documents\\\\Fiverr Projects\\\\llamaindex-demo\\\\demo-app-2\\\\data\\\\1-mvr-nandgi-jan25.pdf\",\"file_name\":\"1-mvr-nandgi-jan25.pdf\",\"private\":\"false\"},\"hash\":\"5LAvD0LxJf18iV2lBW46XXTeaPg8cmhBves9bSUwe8k=\"},\"PREVIOUS\":{\"nodeId\":\"a2707b9a-5577-42b1-b03d-cbe5519ac42b\",\"metadata\":{\"page_number\":9,\"total_pages\":12,\"file_path\":\"C:\\\\Users\\\\hashi\\\\Documents\\\\Fiverr Projects\\\\llamaindex-demo\\\\demo-app-2\\\\data\\\\1-mvr-nandgi-jan25.pdf\",\"file_name\":\"1-mvr-nandgi-jan25.pdf\",\"private\":\"false\"},\"hash\":\"YBAyGrWSozOC16al06dAqmmSzMSbaPc9TBpW4Tt2vZk=\"},\"NEXT\":{\"nodeId\":\"69fca25f-48ac-459a-8627-f2ec30c06af2\",\"metadata\":{},\"hash\":\"fWmSNs9L6g2IMiLyA8dBf/98fn9GrmpQFu0bhmRb9Oo=\"}},\"text\":\"3-2-13/9.5 Stems, Stern Frames, Rudder Horns,\\nand Propeller Nozzles\\nTo clarify the requirements for the calculation of the offered section\\nmodulus to apply MVR 3-2-14/23.17 and 3-2-13/9.5.3-2-17/Table 7,\\n9.7.2\\nBulwarks, Rails, Freeing Ports, Side\\nScuttles, Ventilators, Tank Vents and\\nOverflows\\nTo further refine the requirements for window glazing and laminated\\nglass, based on current ABS practice,\\n3-2-19/Table 1\\nitem X\\nWeld Design To align weld factors for external bulkheads of higher tiers and\\ninternal bulkheads of deckhouses with CSR.3-2-A4/1 Buckling Strength of Longitudinal\\nStrength Members for Vessels Over\\n61 m (200 ft) in Length\\nTo clarify that UR S11 buckling checks are not required for SafeHull\\nvessels in line with established practice.PART 4 Vessel Systems and Machinery\\n4-1-1/7.9, Table 7 Classification of Machinery To ensure clarity of the static and dynamic inclinations that the\\nmachinery is expected to perform at, based on IACS UR M46 REV.3\\nAUGUST 2023.4-1-1/Table 3,\\nTable 4\\nClassification of Machinery To add computer-based UPS, Circuit breakers, Fire detection and\\nAlarm Panels to the certification list in 4-1-1/Table 3, Table 4.4-2-1/1.3.3 Internal Combustion Engines To update the definition of \\\"Rated Power\\\" in 4-2-1/1.3.3 to be in line\\nwith other ABS publications.\",\"textTemplate\":\"\",\"metadataSeparator\":\"\\n\",\"type\":\"TEXT\",\"hash\":\"+Qtsaqu23oOd+p8d5czQndbuyOP3vtykOvYL9WX+HiY=\"}","__type__":"TEXT"},"69fca25f-48ac-459a-8627-f2ec30c06af2":{"__data__":"{\"id_\":\"69fca25f-48ac-459a-8627-f2ec30c06af2\",\"metadata\":{\"page_number\":9,\"total_pages\":12,\"file_path\":\"C:\\\\Users\\\\hashi\\\\Documents\\\\Fiverr Projects\\\\llamaindex-demo\\\\demo-app-2\\\\data\\\\1-mvr-nandgi-jan25.pdf\",\"file_name\":\"1-mvr-nandgi-jan25.pdf\",\"private\":\"false\"},\"excludedEmbedMetadataKeys\":[],\"excludedLlmMetadataKeys\":[],\"relationships\":{\"SOURCE\":{\"nodeId\":\"./data/1-mvr-nandgi-jan25.pdf_9\",\"metadata\":{\"page_number\":9,\"total_pages\":12,\"file_path\":\"C:\\\\Users\\\\hashi\\\\Documents\\\\Fiverr Projects\\\\llamaindex-demo\\\\demo-app-2\\\\data\\\\1-mvr-nandgi-jan25.pdf\",\"file_name\":\"1-mvr-nandgi-jan25.pdf\",\"private\":\"false\"},\"hash\":\"5LAvD0LxJf18iV2lBW46XXTeaPg8cmhBves9bSUwe8k=\"},\"PREVIOUS\":{\"nodeId\":\"627c8d44-f15b-42b6-b4ac-568d7aa32c98\",\"metadata\":{\"page_number\":9,\"total_pages\":12,\"file_path\":\"C:\\\\Users\\\\hashi\\\\Documents\\\\Fiverr Projects\\\\llamaindex-demo\\\\demo-app-2\\\\data\\\\1-mvr-nandgi-jan25.pdf\",\"file_name\":\"1-mvr-nandgi-jan25.pdf\",\"private\":\"false\"},\"hash\":\"SOnpTuOOCWRQ/5xAnq5LrmArmPJw94FMi7nRBE9wWmU=\"}},\"text\":\"3 to be in line\\nwith other ABS publications.4-2-1A1/Annex 1 Documentation for the approval of\\ninternal combustion engines\\nTo update the definition of \\\"Audit\\\" in 4-2-1A1/Annex 1 - Glossary to\\nbe in line with other ABS publications.\",\"textTemplate\":\"\",\"metadataSeparator\":\"\\n\",\"type\":\"TEXT\",\"hash\":\"MAiUGkCAlTDXYOCHWxVULOXsmAYEDSODm9CC5M5T/Wo=\"}","__type__":"TEXT"},"ba6d881c-ea63-4c7d-ba1c-e45899e6c825":{"__data__":"{\"id_\":\"ba6d881c-ea63-4c7d-ba1c-e45899e6c825\",\"metadata\":{\"page_number\":10,\"total_pages\":12,\"file_path\":\"C:\\\\Users\\\\hashi\\\\Documents\\\\Fiverr Projects\\\\llamaindex-demo\\\\demo-app-2\\\\data\\\\1-mvr-nandgi-jan25.pdf\",\"file_name\":\"1-mvr-nandgi-jan25.pdf\",\"private\":\"false\"},\"excludedEmbedMetadataKeys\":[],\"excludedLlmMetadataKeys\":[],\"relationships\":{\"SOURCE\":{\"nodeId\":\"./data/1-mvr-nandgi-jan25.pdf_10\",\"metadata\":{\"page_number\":10,\"total_pages\":12,\"file_path\":\"C:\\\\Users\\\\hashi\\\\Documents\\\\Fiverr Projects\\\\llamaindex-demo\\\\demo-app-2\\\\data\\\\1-mvr-nandgi-jan25.pdf\",\"file_name\":\"1-mvr-nandgi-jan25.pdf\",\"private\":\"false\"},\"hash\":\"mj+QXmiVFwDj20CccLrj2BjLJi8KhyF6Fjn//Y6pamo=\"},\"NEXT\":{\"nodeId\":\"b386cdfa-5d6a-4c7a-bc66-90a45e444ae2\",\"metadata\":{},\"hash\":\"R6giG7K3NQgI/aoTsc9iHsUHgKSQJ+dYkSURtnP1qGs=\"}},\"text\":\"Notices and General Information\\nABS RULES FOR BUILDING AND CLASSING MARINE VESSELS .2025 7\\nPart/Para.No.Title/Subject Status/Remarks\\n4-2-1A11 Guidance for Spare Parts To update Appendix 11 \\\"Guidance for Spare Parts\\\" based on IACS\\nRecommendation 26 Rev.2.4-2-3/7.7.1 Gas Turbines To add MVR 4-9-3 cross-reference to MVR 4-2-3/7.7.1.4-3-2/7.3.4 i),\\nTable 5\\nPropulsion Shafting To specify that the bore sighting after the installation of complete\\nstern tube assembly in the stern tube block by resin chocking is\\nrequired and to deleted requirement in Table 5 for oil temperature\\nmonitoring and display for oil flow, pressure or DPS as per current\\npractice by shipyards.4-3-3/9.11 Propellers To update CPP Control System Testing Requirements based on\\nimplementation of IACS UR M83 (New) Testing of the control\\nsystem of controllable pitch propellers intended for main propulsion.4-3-4/1.5.2 Steering Gears To clarify \\\"For the purpose of alternative steering arrangements,\\nelectric steering motors are to be considered as part of the power unit\\nand actuator.\\\", changed \\\"actuator\\\" to \\\"rudder actuator\\\" to be in line\\nwith other ABS publications.4-3-5/7.1 Thrusters To add cross-reference to MVR 4-9-3 \\\"Computer-based Systems\\\" to\\nMVR 4-3-5/7.1.4-3-7/1.3.2, 1.5.\",\"textTemplate\":\"\",\"metadataSeparator\":\"\\n\",\"type\":\"TEXT\",\"hash\":\"HhPs9YpATgjZaEC3cZ5bRv5IQb/PTGySrD0i0V9x52M=\"}","__type__":"TEXT"},"b386cdfa-5d6a-4c7a-bc66-90a45e444ae2":{"__data__":"{\"id_\":\"b386cdfa-5d6a-4c7a-bc66-90a45e444ae2\",\"metadata\":{\"page_number\":10,\"total_pages\":12,\"file_path\":\"C:\\\\Users\\\\hashi\\\\Documents\\\\Fiverr Projects\\\\llamaindex-demo\\\\demo-app-2\\\\data\\\\1-mvr-nandgi-jan25.pdf\",\"file_name\":\"1-mvr-nandgi-jan25.pdf\",\"private\":\"false\"},\"excludedEmbedMetadataKeys\":[],\"excludedLlmMetadataKeys\":[],\"relationships\":{\"SOURCE\":{\"nodeId\":\"./data/1-mvr-nandgi-jan25.pdf_10\",\"metadata\":{\"page_number\":10,\"total_pages\":12,\"file_path\":\"C:\\\\Users\\\\hashi\\\\Documents\\\\Fiverr Projects\\\\llamaindex-demo\\\\demo-app-2\\\\data\\\\1-mvr-nandgi-jan25.pdf\",\"file_name\":\"1-mvr-nandgi-jan25.pdf\",\"private\":\"false\"},\"hash\":\"mj+QXmiVFwDj20CccLrj2BjLJi8KhyF6Fjn//Y6pamo=\"},\"PREVIOUS\":{\"nodeId\":\"ba6d881c-ea63-4c7d-ba1c-e45899e6c825\",\"metadata\":{\"page_number\":10,\"total_pages\":12,\"file_path\":\"C:\\\\Users\\\\hashi\\\\Documents\\\\Fiverr Projects\\\\llamaindex-demo\\\\demo-app-2\\\\data\\\\1-mvr-nandgi-jan25.pdf\",\"file_name\":\"1-mvr-nandgi-jan25.pdf\",\"private\":\"false\"},\"hash\":\"HhPs9YpATgjZaEC3cZ5bRv5IQb/PTGySrD0i0V9x52M=\"},\"NEXT\":{\"nodeId\":\"6daecce8-b69d-43f3-b962-02595d76309d\",\"metadata\":{},\"hash\":\"2fAqIJnNij0zijc48scnnwF330a3gWjVYdS6c7OsDO0=\"}},\"text\":\"4-3-7/1.3.2, 1.5.6,\\n11\\nPropulsion Redundancy To remove requirement for physical segregation since only high level\\nredundancy notation (equivalent to ABS R1-S or R2-S) require\\nphysical segregation for fire consideration and to update the definition\\nof \\\"Steering System\\\" in 4-3-7/1.5.6 in line with other ABS\\npublications.4-4-1-A1/7\\nFigure 8\\nRules for Design To clarify the required area A under With Reinforcing Element in\\nfigure 8.4-5-1/5.3, 7.3 ii) Anchor Windlass To clarify that the hydraulic pumps and hydraulic motors for\\nwindlasses are to be certified by the Surveyor at manufacturers’\\nplants.4-6-1/Table 1 General Provisions To update Table 1 based on new requirements in IACS UR P2.2\\nREV.5 OCTOBER 2023.4-6-2/5.5.5(d),\\n5.9.1(k)iii), 7-3-4,\\nTable 11, Table\\n12\\nMetallic Piping To align the Rules with requirements in IACS UR P2.7.3 REV.3,\\nP2.7.4 REV.11, P2.9 REV.3, P2.11 REV.6.4-6-2/5.7.3(b) Metallic Piping To cross-reference 4-6-2/5.9 for mechanical joint requirements when\\nmechanical joints are used as hose end fittings, in line with P2.12.3.2\\nof IACS UR P2.4-6-2/5.7.3(b) Metallic Piping To specify that the design pressure rather than the working pressure\\nshould be the key parameter regarding the related requirements.4-6-2/9.13.1 Metallic Piping To remove \\\"Commentary\\\" in MVR 4-6-2/9.13.\",\"textTemplate\":\"\",\"metadataSeparator\":\"\\n\",\"type\":\"TEXT\",\"hash\":\"Ey3dUSAHPxIpJa3Ghx72MO648TStH42pUA1Pz30VLNk=\"}","__type__":"TEXT"},"6daecce8-b69d-43f3-b962-02595d76309d":{"__data__":"{\"id_\":\"6daecce8-b69d-43f3-b962-02595d76309d\",\"metadata\":{\"page_number\":10,\"total_pages\":12,\"file_path\":\"C:\\\\Users\\\\hashi\\\\Documents\\\\Fiverr Projects\\\\llamaindex-demo\\\\demo-app-2\\\\data\\\\1-mvr-nandgi-jan25.pdf\",\"file_name\":\"1-mvr-nandgi-jan25.pdf\",\"private\":\"false\"},\"excludedEmbedMetadataKeys\":[],\"excludedLlmMetadataKeys\":[],\"relationships\":{\"SOURCE\":{\"nodeId\":\"./data/1-mvr-nandgi-jan25.pdf_10\",\"metadata\":{\"page_number\":10,\"total_pages\":12,\"file_path\":\"C:\\\\Users\\\\hashi\\\\Documents\\\\Fiverr Projects\\\\llamaindex-demo\\\\demo-app-2\\\\data\\\\1-mvr-nandgi-jan25.pdf\",\"file_name\":\"1-mvr-nandgi-jan25.pdf\",\"private\":\"false\"},\"hash\":\"mj+QXmiVFwDj20CccLrj2BjLJi8KhyF6Fjn//Y6pamo=\"},\"PREVIOUS\":{\"nodeId\":\"b386cdfa-5d6a-4c7a-bc66-90a45e444ae2\",\"metadata\":{\"page_number\":10,\"total_pages\":12,\"file_path\":\"C:\\\\Users\\\\hashi\\\\Documents\\\\Fiverr Projects\\\\llamaindex-demo\\\\demo-app-2\\\\data\\\\1-mvr-nandgi-jan25.pdf\",\"file_name\":\"1-mvr-nandgi-jan25.pdf\",\"private\":\"false\"},\"hash\":\"R6giG7K3NQgI/aoTsc9iHsUHgKSQJ+dYkSURtnP1qGs=\"}},\"text\":\"1 \\\"Shell Connections\\\"\\nas these are mandatory requirements and not recommendations which\\nhave been added in the main text.4-6-4/5.5.5(b) Ship Piping Systems and Tanks To add Commentary for the requirements to use a pump located\\noutside the Propulsion Machinery Space as the emergency bilge\\nsuction based on current ABS practice.4-6-4/7.7 Ship Piping Systems and Tanks To modify the cross-reference in 4-6-4/7.7 due to the incorporation of\\nthe ABS Ballast Water Treatment Guide into Part 6, Chapter 6.4-6-4/9.5.2 Ship Piping Systems and Tanks To add requirements for overflow pipe area when the tank is not filled\\nby a pump pressure.4-6-4/13.5.1(a) Ship Piping Systems and Tanks To update the wording to be in line with MSC.1/Circ.1322 and\\nSOLAS.4-6-5/9.3.1 Piping Systems for Internal\\nCombustion Engines\\nTo align the Rules with IACS UR M61 REV.2 AUGUST 2023.4-6-6/7.1.2 Piping Systems for Steam Plants To align the Rules with IACS UR M24 REV.2 AUGUST 2023.4-7-3/1.5.3 Fire-extinguishing Systems and\\nEquipment\\nTo add reference to MSC.1/Circ.1388, similar to 4-7-3/A4 of the Steel\\nVessel Rules.4-8-1/5.3.2(b) General Provisions To delete a duplicated requirement.\",\"textTemplate\":\"\",\"metadataSeparator\":\"\\n\",\"type\":\"TEXT\",\"hash\":\"lCieJlyEF/c74sXXoQ1bVqZu/HdBKFuJYvIqPMa0TUM=\"}","__type__":"TEXT"},"c36e1cdf-9b58-4137-9429-bde06a3c6545":{"__data__":"{\"id_\":\"c36e1cdf-9b58-4137-9429-bde06a3c6545\",\"metadata\":{\"page_number\":11,\"total_pages\":12,\"file_path\":\"C:\\\\Users\\\\hashi\\\\Documents\\\\Fiverr Projects\\\\llamaindex-demo\\\\demo-app-2\\\\data\\\\1-mvr-nandgi-jan25.pdf\",\"file_name\":\"1-mvr-nandgi-jan25.pdf\",\"private\":\"false\"},\"excludedEmbedMetadataKeys\":[],\"excludedLlmMetadataKeys\":[],\"relationships\":{\"SOURCE\":{\"nodeId\":\"./data/1-mvr-nandgi-jan25.pdf_11\",\"metadata\":{\"page_number\":11,\"total_pages\":12,\"file_path\":\"C:\\\\Users\\\\hashi\\\\Documents\\\\Fiverr Projects\\\\llamaindex-demo\\\\demo-app-2\\\\data\\\\1-mvr-nandgi-jan25.pdf\",\"file_name\":\"1-mvr-nandgi-jan25.pdf\",\"private\":\"false\"},\"hash\":\"HMqlwCActw713OLeMd2wGoU1FTq/Pk6mPPZsS9nH5OE=\"},\"NEXT\":{\"nodeId\":\"41afd59f-d18f-43de-b2f0-abd82d68ddcc\",\"metadata\":{},\"hash\":\"74T5G3CFW5VFaefugdAHUlYMITNCJ29vouPwcG+CzV0=\"}},\"text\":\"Notices and General Information\\nABS RULES FOR BUILDING AND CLASSING MARINE VESSELS .2025 8\\nPart/Para.No.Title/Subject Status/Remarks\\n4-8-3/3.14.1 x),\\n5.11.3\\nElectrical Equipment To delete the requirement for the ship's crew to demonstrate the\\nprocedure to disconnect the shaft generator rotor hub from the\\npropulsion shaft, since the ship's crew is not available before delivery to\\ndemonstrate the procedure and to update test voltages in 4-8-3/5.11.3\\nDielectric Strength Test table in accordance with IEC 61439-1.4-8-3/9.1 Electrical Equipment To delete the Note of MVR 4-8-3/9.1 since, current requirement\\nwhich refers to IEC 60092-350 clause 3.16 and clause 4.6 appears\\nmore stringent pertaining to inner sheath and to update Goal FIR-2\\nand Functional Requirement FIR-FR3 for clarity.4-8-3/9.5 Electrical Equipment To specify the acceptable fire stop arrangements\\n4-8-4/5.3.1(b) Shipboard Installation and Tests To add an exemption of interlock arrangement between the battery\\ncharger and the power ventilation system with conditions specified in\\nCommentary 1.4-8-4/7.1.2 Shipboard Installation and Tests To clarify the scope of the switchboard for which the non-conducting\\nmats or gratings are to be provided.4-9-5/15.3.1 ACC Notation The requirements for two level sensors in each bilge well is being\\ndeleted based on feedback from shipyards that ABS is more stringent\\nthan other class societies.PART 5C Specific Vessel Types\\n5C-1-7/3.3.4(a),\\n5.3.2(a) & 31\\nCargo Oil and Associated Systems To align the Rules with IACS UR F15 Rev.\",\"textTemplate\":\"\",\"metadataSeparator\":\"\\n\",\"type\":\"TEXT\",\"hash\":\"A5Eyd0mrbT9ZSxByM7T0JbZBwnzazHGneZkBCafuq4U=\"}","__type__":"TEXT"},"41afd59f-d18f-43de-b2f0-abd82d68ddcc":{"__data__":"{\"id_\":\"41afd59f-d18f-43de-b2f0-abd82d68ddcc\",\"metadata\":{\"page_number\":11,\"total_pages\":12,\"file_path\":\"C:\\\\Users\\\\hashi\\\\Documents\\\\Fiverr Projects\\\\llamaindex-demo\\\\demo-app-2\\\\data\\\\1-mvr-nandgi-jan25.pdf\",\"file_name\":\"1-mvr-nandgi-jan25.pdf\",\"private\":\"false\"},\"excludedEmbedMetadataKeys\":[],\"excludedLlmMetadataKeys\":[],\"relationships\":{\"SOURCE\":{\"nodeId\":\"./data/1-mvr-nandgi-jan25.pdf_11\",\"metadata\":{\"page_number\":11,\"total_pages\":12,\"file_path\":\"C:\\\\Users\\\\hashi\\\\Documents\\\\Fiverr Projects\\\\llamaindex-demo\\\\demo-app-2\\\\data\\\\1-mvr-nandgi-jan25.pdf\",\"file_name\":\"1-mvr-nandgi-jan25.pdf\",\"private\":\"false\"},\"hash\":\"HMqlwCActw713OLeMd2wGoU1FTq/Pk6mPPZsS9nH5OE=\"},\"PREVIOUS\":{\"nodeId\":\"c36e1cdf-9b58-4137-9429-bde06a3c6545\",\"metadata\":{\"page_number\":11,\"total_pages\":12,\"file_path\":\"C:\\\\Users\\\\hashi\\\\Documents\\\\Fiverr Projects\\\\llamaindex-demo\\\\demo-app-2\\\\data\\\\1-mvr-nandgi-jan25.pdf\",\"file_name\":\"1-mvr-nandgi-jan25.pdf\",\"private\":\"false\"},\"hash\":\"A5Eyd0mrbT9ZSxByM7T0JbZBwnzazHGneZkBCafuq4U=\"},\"NEXT\":{\"nodeId\":\"6ab83ad7-21e2-442e-8b03-549e25ab4218\",\"metadata\":{},\"hash\":\"Fjp0O8q8qK+voTaUeGe3NQCrXvm+8ZbGG+F0QqhLKlE=\"}},\"text\":\"7 \\\"Reinforced Thickness\\nof Ballast and Cargo Oil Piping\\\" and on IACS UI SC70 Rev.4 Corr.1\\n\\\"Cargo tank vent systems and selection of electrical equipment\\\"\\n5C-8-20 (New) LNG Cargo Ready Vessels To merge Guide for LNG Cargo Ready Vessels to Marine Vessel Rules.5C-8-5/13.1.3 &\\n13.1.4\\nProcess Pressure Vessels and Liquid,\\nVapour, and Pressure Piping Systems\\nTo update the Rules due to Implementation of the new requirements in\\nIACS UR G3 REV.8 to address liquefied gas carrier\\ngas/liquefaction/refrigeration compressors in addition to cargo pumps.5C-8-A7 Dual Fuel Diesel and Single Gas Fuel\\nEngines (ABS)\\nTo update the Rules based on IACS UR M78.5C-9-1/3.28\\n(ABS), 3.38\\nGeneral (ABS) To update the definition of \\\"Pressure Tank\\\" and \\\"Vapour Pressure\\\" in\\n5C-9-1/3.28 (ABS) and 5C-9-1/3.38, respectively, to be in line with\\nother ABS publications.5C-10-4/3.7.2 (b) Cargo Safety To reflect SOLAS Reg.II-2/20.3.2.2.and clarify \\\"openings requirements\\\".5C-13-10/1.1 Power Generation Including\\nPropulsion and other Gas Consumers\\nTo revise Subsection 1 based on IACS UR M78, Rev 2.5C-17-1/3.1.1, 5 General To clarify application of the BP notation to Towing Vessels, clarify\\nthat the BP Notation is mandatory for Towing Vessels, and require\\nBollard Pull testing on all vessels.\",\"textTemplate\":\"\",\"metadataSeparator\":\"\\n\",\"type\":\"TEXT\",\"hash\":\"MH4noh8+QMd2I/zfpElTuM2/5GSw6Xop6hpQY2jr1Ls=\"}","__type__":"TEXT"},"6ab83ad7-21e2-442e-8b03-549e25ab4218":{"__data__":"{\"id_\":\"6ab83ad7-21e2-442e-8b03-549e25ab4218\",\"metadata\":{\"page_number\":11,\"total_pages\":12,\"file_path\":\"C:\\\\Users\\\\hashi\\\\Documents\\\\Fiverr Projects\\\\llamaindex-demo\\\\demo-app-2\\\\data\\\\1-mvr-nandgi-jan25.pdf\",\"file_name\":\"1-mvr-nandgi-jan25.pdf\",\"private\":\"false\"},\"excludedEmbedMetadataKeys\":[],\"excludedLlmMetadataKeys\":[],\"relationships\":{\"SOURCE\":{\"nodeId\":\"./data/1-mvr-nandgi-jan25.pdf_11\",\"metadata\":{\"page_number\":11,\"total_pages\":12,\"file_path\":\"C:\\\\Users\\\\hashi\\\\Documents\\\\Fiverr Projects\\\\llamaindex-demo\\\\demo-app-2\\\\data\\\\1-mvr-nandgi-jan25.pdf\",\"file_name\":\"1-mvr-nandgi-jan25.pdf\",\"private\":\"false\"},\"hash\":\"HMqlwCActw713OLeMd2wGoU1FTq/Pk6mPPZsS9nH5OE=\"},\"PREVIOUS\":{\"nodeId\":\"41afd59f-d18f-43de-b2f0-abd82d68ddcc\",\"metadata\":{\"page_number\":11,\"total_pages\":12,\"file_path\":\"C:\\\\Users\\\\hashi\\\\Documents\\\\Fiverr Projects\\\\llamaindex-demo\\\\demo-app-2\\\\data\\\\1-mvr-nandgi-jan25.pdf\",\"file_name\":\"1-mvr-nandgi-jan25.pdf\",\"private\":\"false\"},\"hash\":\"74T5G3CFW5VFaefugdAHUlYMITNCJ29vouPwcG+CzV0=\"}},\"text\":\"PART 5D Offshore Support Vessels for Specialized Services\\n5D-1-1/3.1 General To update the definition of \\\"Offshore Support Vessel\\\" in 5D-1-1/3.1\\nto be in line with other ABS publications.5D-3-1/5, 5.5, 9.1 General To clearly identify the BP notation as a Notation rather than a Record\\nEntry, require Bollard Pull testing on all vessels, and to update the\\ndefinition of \\\"Static Bollard Pull (BP)\\\" in 5D-3-1/9.1 in line with\\nother ABS publications.5D-3-5/5 Tests To update the Bollard Pull units to metric tons in accordance with\\ncurrent practice.5D-4-2/3.5 Seakeeping To clarify the additional factors to be considered on the alarm setting\\nand the control requirements for scenarios where fire pumps are\\npowered through power-take-off mechanism from propulsion shaft(s)\\nor from the same electric power plant which is the source for vessel’s\\npropulsion or position keeping machinery.5D-6-2/5, 9, 11,\\n15\\nDefinitions To update the definitions of \\\"Cargo Area\\\", \\\"Hazardous Area\\\",\\n\\\"Machinery Space\\\", and \\\"Pump Room\\\" in 5D-6-2/5, 5D-6-2/9, 5D-6-\\n2/11 and 5D-6-2/15, respectively, to be in line with other ABS\\npublications.5D-6-4/9.1.1 Machinery Equipment and Systems To update the definition of \\\"Hazardous Area\\\" in 5D-6-4/9.1.1 to be in\\nline with other ABS publications.\",\"textTemplate\":\"\",\"metadataSeparator\":\"\\n\",\"type\":\"TEXT\",\"hash\":\"9ljY44eHXGA4YPcd0PSh1cyNeXjveDWIlt+LxA/8/oA=\"}","__type__":"TEXT"},"58329b37-93b0-4600-b7b6-21f23785f7dc":{"__data__":"{\"id_\":\"58329b37-93b0-4600-b7b6-21f23785f7dc\",\"metadata\":{\"page_number\":12,\"total_pages\":12,\"file_path\":\"C:\\\\Users\\\\hashi\\\\Documents\\\\Fiverr Projects\\\\llamaindex-demo\\\\demo-app-2\\\\data\\\\1-mvr-nandgi-jan25.pdf\",\"file_name\":\"1-mvr-nandgi-jan25.pdf\",\"private\":\"false\"},\"excludedEmbedMetadataKeys\":[],\"excludedLlmMetadataKeys\":[],\"relationships\":{\"SOURCE\":{\"nodeId\":\"./data/1-mvr-nandgi-jan25.pdf_12\",\"metadata\":{\"page_number\":12,\"total_pages\":12,\"file_path\":\"C:\\\\Users\\\\hashi\\\\Documents\\\\Fiverr Projects\\\\llamaindex-demo\\\\demo-app-2\\\\data\\\\1-mvr-nandgi-jan25.pdf\",\"file_name\":\"1-mvr-nandgi-jan25.pdf\",\"private\":\"false\"},\"hash\":\"TnzmQQ0jGcLigng9B3qeViKE5ZkaezaQG1VN2iy9Zao=\"},\"NEXT\":{\"nodeId\":\"38bbcbac-ec3f-4e21-90f4-b9378330b91e\",\"metadata\":{},\"hash\":\"HycyvR14dcQT8pnETcGykqnJkatnpizx/UXVjOY4PJc=\"}},\"text\":\"Notices and General Information\\nABS RULES FOR BUILDING AND CLASSING MARINE VESSELS .2025 9\\nPart/Para.No.Title/Subject Status/Remarks\\n5D-12-1/5.1 General To update the definition of \\\"Well Test Systems\\\" in 5D-12-1/5.1 to be\\nin line with other ABS publications.5D-13-1/5 General To clearly identify the BP notation as a Notation rather than a Record\\nEntry, require Bollard Pull testing on all vessels.5D-13-3/3 Definitions To update the definition of \\\"Static Bollard Pull (BP)\\\" in 5D-13-3/3 to\\nbe in line with other ABS publications.PART 6 Specialized Items and Systems\\n6-2-1/13.21,\\n13.23, 13.23.4,\\n13.25\\nGeneral To update the definitions of \\\"Refrigerated Edible Bulk Liquid\\nTankers\\\", \\\"Cargo Containment System\\\", \\\"Pressure Tank\\\", and\\n''Refrigerated Fish Carrier\\\" in 6-2-1/13.21, 6-2-1/13.23, 6-2-1/13.23.4,\\nand 6-2-1/13.25 respectively, to be inline with other ABS\\npublications.6-2-14/7 Refrigerated Edible Bulk Liquid\\nTanker\\nTo update the definition title of \\\"Cargo Containment System\\\" in 6-2-\\n14/7 to be inline with other ABS publications.6-3-1/9.3 General To incorporate Guide for SOx Scrubber Ready Vessels into Part 6\\nChapter 3 of the Marine Vessel Rules.6-3-2/2.4,14,17.9 EGC – SOx Scrubbers To incorporate Guide for SOx Scrubber Ready Vessels into Part 6\\nChapter 3 of the Marine Vessel Rules.\",\"textTemplate\":\"\",\"metadataSeparator\":\"\\n\",\"type\":\"TEXT\",\"hash\":\"6CInF2Khxe3v6gjR2BTXaTir1m/CbN8JoROTlDkKxeU=\"}","__type__":"TEXT"},"38bbcbac-ec3f-4e21-90f4-b9378330b91e":{"__data__":"{\"id_\":\"38bbcbac-ec3f-4e21-90f4-b9378330b91e\",\"metadata\":{\"page_number\":12,\"total_pages\":12,\"file_path\":\"C:\\\\Users\\\\hashi\\\\Documents\\\\Fiverr Projects\\\\llamaindex-demo\\\\demo-app-2\\\\data\\\\1-mvr-nandgi-jan25.pdf\",\"file_name\":\"1-mvr-nandgi-jan25.pdf\",\"private\":\"false\"},\"excludedEmbedMetadataKeys\":[],\"excludedLlmMetadataKeys\":[],\"relationships\":{\"SOURCE\":{\"nodeId\":\"./data/1-mvr-nandgi-jan25.pdf_12\",\"metadata\":{\"page_number\":12,\"total_pages\":12,\"file_path\":\"C:\\\\Users\\\\hashi\\\\Documents\\\\Fiverr Projects\\\\llamaindex-demo\\\\demo-app-2\\\\data\\\\1-mvr-nandgi-jan25.pdf\",\"file_name\":\"1-mvr-nandgi-jan25.pdf\",\"private\":\"false\"},\"hash\":\"TnzmQQ0jGcLigng9B3qeViKE5ZkaezaQG1VN2iy9Zao=\"},\"PREVIOUS\":{\"nodeId\":\"58329b37-93b0-4600-b7b6-21f23785f7dc\",\"metadata\":{\"page_number\":12,\"total_pages\":12,\"file_path\":\"C:\\\\Users\\\\hashi\\\\Documents\\\\Fiverr Projects\\\\llamaindex-demo\\\\demo-app-2\\\\data\\\\1-mvr-nandgi-jan25.pdf\",\"file_name\":\"1-mvr-nandgi-jan25.pdf\",\"private\":\"false\"},\"hash\":\"6CInF2Khxe3v6gjR2BTXaTir1m/CbN8JoROTlDkKxeU=\"},\"NEXT\":{\"nodeId\":\"82a61804-0a84-4b26-a380-a03164466ccf\",\"metadata\":{},\"hash\":\"FEjJib6KSpwUBPuCdAz7NoVixLSt8pt3mOqS6qzCqe4=\"}},\"text\":\"6-4-1/5 General To clarify that LVSC is an optional classification notation.The\\nrequirement for connecting shore power directly to the onboarding\\nswitchboard is moved from MVR 4-8-2/11.1.1 to MVR 6-4-1/11.6-4-2/31 System Design To relocate the shore power system cable design requirement from\\nMVR 4-8-2/11.1.1 to MVR 6-4-2/31.6-4-3/11.3 Equipment Design To relocate the instrumentation requirement for shore power\\nconnection from MVR 4-8-2/11.1.4 to MVR 6-4-3/11.3.6-4-4/5.5 Installations To add cross-reference to MVR 4-8-4/21 for HV shore power cable\\ninstallation.Part 7 “Rules for Survey After Construction”\\nThe reference date which is indicated in the parentheses following the title of the requirement in this Part is the date\\nthat the requirement becomes effective [e.g., 7-5-1/3.1, 3.5 “Survey Requirements” (2025) is to apply for vessels\\nundergoing survey on or after 1 January 2025].EFFECTIVE DATE 1 January 2025 – shown as (2025)\\nPart/Para.No.Title/Subject Status/Remarks\\nPART 7 Rules for Survey After Construction\\n7-5-1/3.1, 3.5 Survey Requirements To update the definitions of \\\"Shaft\\\" and \\\"Tube Shaft\\\" in 7-5-1/3.1 and\\n7-5-1/3.5, respectively, to be in line with other ABS publications.7-9-45/7.1.\",\"textTemplate\":\"\",\"metadataSeparator\":\"\\n\",\"type\":\"TEXT\",\"hash\":\"dxG8gtigTDZC2elB6mmoSsHtWCbE/jZaI/AcIZUYXV0=\"}","__type__":"TEXT"},"82a61804-0a84-4b26-a380-a03164466ccf":{"__data__":"{\"id_\":\"82a61804-0a84-4b26-a380-a03164466ccf\",\"metadata\":{\"page_number\":12,\"total_pages\":12,\"file_path\":\"C:\\\\Users\\\\hashi\\\\Documents\\\\Fiverr Projects\\\\llamaindex-demo\\\\demo-app-2\\\\data\\\\1-mvr-nandgi-jan25.pdf\",\"file_name\":\"1-mvr-nandgi-jan25.pdf\",\"private\":\"false\"},\"excludedEmbedMetadataKeys\":[],\"excludedLlmMetadataKeys\":[],\"relationships\":{\"SOURCE\":{\"nodeId\":\"./data/1-mvr-nandgi-jan25.pdf_12\",\"metadata\":{\"page_number\":12,\"total_pages\":12,\"file_path\":\"C:\\\\Users\\\\hashi\\\\Documents\\\\Fiverr Projects\\\\llamaindex-demo\\\\demo-app-2\\\\data\\\\1-mvr-nandgi-jan25.pdf\",\"file_name\":\"1-mvr-nandgi-jan25.pdf\",\"private\":\"false\"},\"hash\":\"TnzmQQ0jGcLigng9B3qeViKE5ZkaezaQG1VN2iy9Zao=\"},\"PREVIOUS\":{\"nodeId\":\"38bbcbac-ec3f-4e21-90f4-b9378330b91e\",\"metadata\":{\"page_number\":12,\"total_pages\":12,\"file_path\":\"C:\\\\Users\\\\hashi\\\\Documents\\\\Fiverr Projects\\\\llamaindex-demo\\\\demo-app-2\\\\data\\\\1-mvr-nandgi-jan25.pdf\",\"file_name\":\"1-mvr-nandgi-jan25.pdf\",\"private\":\"false\"},\"hash\":\"HycyvR14dcQT8pnETcGykqnJkatnpizx/UXVjOY4PJc=\"}},\"text\":\"7-9-45/7.1.2, 7.1,\\n7.3, 7.5 and 7.7\\nLifting Appliances To update requirements for Annual and Retesting Hydraulic Elevators\\nsurveys, and add requirement for service engineer in line with current\\nABS practice.7-A1-4/Table 3 Additional Information on Hull\\nThickness Measurement\\nTo expand the application of the table to aluminum vessels with\\nlengths greater than 90 meters.7-A1-14 Surveys Based on Preventative\\nMaintenance Techniques\\nAddition of PMP-MS to the PM Appendix-Section 14.7-A1-16 Surveys for Smart Function Systems\\nwithout PMP Notation\\nTo outline the annual survey requirements for Smart Function systems\\nnot enrolled in PMP and to be in alignment with the Smart Guide.\",\"textTemplate\":\"\",\"metadataSeparator\":\"\\n\",\"type\":\"TEXT\",\"hash\":\"u3I9az48J7Cs5rHnJTHjdXuGHYCvu72Uo7YPbd/8Sjs=\"}","__type__":"TEXT"}},"docstore/metadata":{"./data/.gitkeep_1":{"docHash":"uYIii8Nsae6NQfSw01dXwDvsmqpuf2AjAy1zgVE5gPs="},"./data/1-mvr-nandgi-jan25.pdf_1":{"docHash":"VxKq5IC7noqUY6wEyayVR1MMM9immludqIQYkQSFNC8="},"./data/1-mvr-nandgi-jan25.pdf_2":{"docHash":"fWwAy/yD7ptCuV/eySOgsz6UKzZ24jua6b30KLone0A="},"./data/1-mvr-nandgi-jan25.pdf_3":{"docHash":"Glwc1p8DelFY93LF8hiPqahsP/1Mehwohb+BjxI/flU="},"./data/1-mvr-nandgi-jan25.pdf_4":{"docHash":"uvcs8+nJH7ER/EuSMunry2oDUGL4KKT9ECZsSmoDqJQ="},"./data/1-mvr-nandgi-jan25.pdf_5":{"docHash":"PtODRqmi09KgRO71hkKKQVSqX7zvrcOSEBt3YaYwhpY="},"./data/1-mvr-nandgi-jan25.pdf_6":{"docHash":"EDGhcNKZ8NQnFevJN0Mhby8WuqoJyDSZgG/ffcwszLQ="},"./data/1-mvr-nandgi-jan25.pdf_7":{"docHash":"A7yc6ahMhwie1pMowIRwHRbP5ogE5vmSNi48IJM9sHw="},"./data/1-mvr-nandgi-jan25.pdf_8":{"docHash":"hnlTic3w1PJJLJFLsy/1nEfBvkV2STpUUZYju/kGDyc="},"./data/1-mvr-nandgi-jan25.pdf_9":{"docHash":"5LAvD0LxJf18iV2lBW46XXTeaPg8cmhBves9bSUwe8k="},"./data/1-mvr-nandgi-jan25.pdf_10":{"docHash":"mj+QXmiVFwDj20CccLrj2BjLJi8KhyF6Fjn//Y6pamo="},"./data/1-mvr-nandgi-jan25.pdf_11":{"docHash":"HMqlwCActw713OLeMd2wGoU1FTq/Pk6mPPZsS9nH5OE="},"./data/1-mvr-nandgi-jan25.pdf_12":{"docHash":"TnzmQQ0jGcLigng9B3qeViKE5ZkaezaQG1VN2iy9Zao="},"90e170fa-7b8d-421c-a5ff-7f1702cc9460":{"docHash":"5J+87LU2+CsuJujXe02hyycDMfdr0KOAxBKV/QrOLgQ=","refDocId":"./data/.gitkeep_1"},"da15df9c-6d67-4108-954d-7722cabdbc79":{"docHash":"RDEsMF460nqAnNo6oiZaeWdq4EhLwqHMCiIua5cA678=","refDocId":"./data/1-mvr-nandgi-jan25.pdf_1"},"a64974ee-2e65-4d89-b36f-d3021f2f49a1":{"docHash":"APi8bMwHjdgZjqniqAL7zwE0HgfWGuZurjCyaZUkxRY=","refDocId":"./data/1-mvr-nandgi-jan25.pdf_2"},"c282eb1e-0070-4c82-acf2-be9f51efc35d":{"docHash":"oajZ/96Aa/HrSovbaH6U1nmy5yvr1hMbQeT05gRhxFw=","refDocId":"./data/1-mvr-nandgi-jan25.pdf_3"},"0bd5b5dd-451a-4a70-8308-1b3326b73b19":{"docHash":"k9DmiB18fDSIeOPuB8mu39A0cjFaTD3JhAt46u+Y6to=","refDocId":"./data/1-mvr-nandgi-jan25.pdf_4"},"6232a1ef-192c-46c7-82b5-19e653dd0be2":{"docHash":"F50LoywoWsvEh4a8ix7HbqVMptr/xVSwayo2Y13VRO8=","refDocId":"./data/1-mvr-nandgi-jan25.pdf_5"},"c728a31b-708a-477e-9d42-e0be3a2b138d":{"docHash":"sJifc2WV+TnExLLnEs+R8zsjdcdcHrWt8YaxbuIj/8w=","refDocId":"./data/1-mvr-nandgi-jan25.pdf_5"},"6c338009-e1b7-40f0-82e3-5b944a2397a8":{"docHash":"IkO7lYWFEHBfVJJ6HPPw2tnpVird7CzHr60QslM//h8=","refDocId":"./data/1-mvr-nandgi-jan25.pdf_6"},"10cc9ef5-0562-48e6-b2a5-3b8cab613350":{"docHash":"caajBl8kyP3LaVKDa7MfJaBsYM+CGaIQOE++pV9uyrI=","refDocId":"./data/1-mvr-nandgi-jan25.pdf_6"},"62f981b1-568a-411d-977c-4bbcd3b5d37c":{"docHash":"xQ9+FA9cVbsld4ob8HCxQASYlU/9cpnvuyesdCsY+1k=","refDocId":"./data/1-mvr-nandgi-jan25.pdf_7"},"12c9b635-3f3d-4908-b412-734e7eb8e162":{"docHash":"yRtPek9cGH/QbjNHWnXPiIr5Vcbvk945Tmw68mZ9S2Y=","refDocId":"./data/1-mvr-nandgi-jan25.pdf_7"},"f2bcbfab-4857-443d-8eb0-9b96490fec04":{"docHash":"s+tAa+/Y+r/ZylFt9hLaj/dhirHGMNg79DL15OhFnPk=","refDocId":"./data/1-mvr-nandgi-jan25.pdf_8"},"0f649a28-2d69-4d9c-be41-2892bd502dcd":{"docHash":"bb/Xk7J+jcWiu0xLsjaKEUjUMKYOMdN32AePFXpuhhU=","refDocId":"./data/1-mvr-nandgi-jan25.pdf_8"},"a2707b9a-5577-42b1-b03d-cbe5519ac42b":{"docHash":"YBAyGrWSozOC16al06dAqmmSzMSbaPc9TBpW4Tt2vZk=","refDocId":"./data/1-mvr-nandgi-jan25.pdf_9"},"627c8d44-f15b-42b6-b4ac-568d7aa32c98":{"docHash":"+Qtsaqu23oOd+p8d5czQndbuyOP3vtykOvYL9WX+HiY=","refDocId":"./data/1-mvr-nandgi-jan25.pdf_9"},"69fca25f-48ac-459a-8627-f2ec30c06af2":{"docHash":"MAiUGkCAlTDXYOCHWxVULOXsmAYEDSODm9CC5M5T/Wo=","refDocId":"./data/1-mvr-nandgi-jan25.pdf_9"},"ba6d881c-ea63-4c7d-ba1c-e45899e6c825":{"docHash":"HhPs9YpATgjZaEC3cZ5bRv5IQb/PTGySrD0i0V9x52M=","refDocId":"./data/1-mvr-nandgi-jan25.pdf_10"},"b386cdfa-5d6a-4c7a-bc66-90a45e444ae2":{"docHash":"Ey3dUSAHPxIpJa3Ghx72MO648TStH42pUA1Pz30VLNk=","refDocId":"./data/1-mvr-nandgi-jan25.pdf_10"},"6daecce8-b69d-43f3-b962-02595d76309d":{"docHash":"lCieJlyEF/c74sXXoQ1bVqZu/HdBKFuJYvIqPMa0TUM=","refDocId":"./data/1-mvr-nandgi-jan25.pdf_10"},"c36e1cdf-9b58-4137-9429-bde06a3c6545":{"docHash":"A5Eyd0mrbT9ZSxByM7T0JbZBwnzazHGneZkBCafuq4U=","refDocId":"./data/1-mvr-nandgi-jan25.pdf_11"},"41afd59f-d18f-43de-b2f0-abd82d68ddcc":{"docHash":"MH4noh8+QMd2I/zfpElTuM2/5GSw6Xop6hpQY2jr1Ls=","refDocId":"./data/1-mvr-nandgi-jan25.pdf_11"},"6ab83ad7-21e2-442e-8b03-549e25ab4218":{"docHash":"9ljY44eHXGA4YPcd0PSh1cyNeXjveDWIlt+LxA/8/oA=","refDocId":"./data/1-mvr-nandgi-jan25.pdf_11"},"58329b37-93b0-4600-b7b6-21f23785f7dc":{"docHash":"6CInF2Khxe3v6gjR2BTXaTir1m/CbN8JoROTlDkKxeU=","refDocId":"./data/1-mvr-nandgi-jan25.pdf_12"},"38bbcbac-ec3f-4e21-90f4-b9378330b91e":{"docHash":"dxG8gtigTDZC2elB6mmoSsHtWCbE/jZaI/AcIZUYXV0=","refDocId":"./data/1-mvr-nandgi-jan25.pdf_12"},"82a61804-0a84-4b26-a380-a03164466ccf":{"docHash":"u3I9az48J7Cs5rHnJTHjdXuGHYCvu72Uo7YPbd/8Sjs=","refDocId":"./data/1-mvr-nandgi-jan25.pdf_12"}},"docstore/ref_doc_info":{"./data/.gitkeep_1":{"nodeIds":["90e170fa-7b8d-421c-a5ff-7f1702cc9460"],"extraInfo":{}},"./data/1-mvr-nandgi-jan25.pdf_1":{"nodeIds":["da15df9c-6d67-4108-954d-7722cabdbc79"],"extraInfo":{}},"./data/1-mvr-nandgi-jan25.pdf_2":{"nodeIds":["a64974ee-2e65-4d89-b36f-d3021f2f49a1"],"extraInfo":{}},"./data/1-mvr-nandgi-jan25.pdf_3":{"nodeIds":["c282eb1e-0070-4c82-acf2-be9f51efc35d"],"extraInfo":{}},"./data/1-mvr-nandgi-jan25.pdf_4":{"nodeIds":["0bd5b5dd-451a-4a70-8308-1b3326b73b19"],"extraInfo":{}},"./data/1-mvr-nandgi-jan25.pdf_5":{"nodeIds":["6232a1ef-192c-46c7-82b5-19e653dd0be2","c728a31b-708a-477e-9d42-e0be3a2b138d"],"extraInfo":{}},"./data/1-mvr-nandgi-jan25.pdf_6":{"nodeIds":["6c338009-e1b7-40f0-82e3-5b944a2397a8","10cc9ef5-0562-48e6-b2a5-3b8cab613350"],"extraInfo":{}},"./data/1-mvr-nandgi-jan25.pdf_7":{"nodeIds":["62f981b1-568a-411d-977c-4bbcd3b5d37c","12c9b635-3f3d-4908-b412-734e7eb8e162"],"extraInfo":{}},"./data/1-mvr-nandgi-jan25.pdf_8":{"nodeIds":["f2bcbfab-4857-443d-8eb0-9b96490fec04","0f649a28-2d69-4d9c-be41-2892bd502dcd"],"extraInfo":{}},"./data/1-mvr-nandgi-jan25.pdf_9":{"nodeIds":["a2707b9a-5577-42b1-b03d-cbe5519ac42b","627c8d44-f15b-42b6-b4ac-568d7aa32c98","69fca25f-48ac-459a-8627-f2ec30c06af2"],"extraInfo":{}},"./data/1-mvr-nandgi-jan25.pdf_10":{"nodeIds":["ba6d881c-ea63-4c7d-ba1c-e45899e6c825","b386cdfa-5d6a-4c7a-bc66-90a45e444ae2","6daecce8-b69d-43f3-b962-02595d76309d"],"extraInfo":{}},"./data/1-mvr-nandgi-jan25.pdf_11":{"nodeIds":["c36e1cdf-9b58-4137-9429-bde06a3c6545","41afd59f-d18f-43de-b2f0-abd82d68ddcc","6ab83ad7-21e2-442e-8b03-549e25ab4218"],"extraInfo":{}},"./data/1-mvr-nandgi-jan25.pdf_12":{"nodeIds":["58329b37-93b0-4600-b7b6-21f23785f7dc","38bbcbac-ec3f-4e21-90f4-b9378330b91e","82a61804-0a84-4b26-a380-a03164466ccf"],"extraInfo":{}}}}